fName,ind,categ,brain_val,activation,mean_act,sd_act,VV
neg_max_0.jpg,0,neg,pos,-31.0614342450315,45.8366004534457,82.894577786058,5.1663
neg_min_0.jpg,0,neg,neg,-557.248840312988,-553.032068143842,93.3979147436107,5.3607
neg_max_1.jpg,1,neg,pos,-103.937916760547,45.8366004534457,82.894577786058,4.9368
neg_min_1.jpg,1,neg,neg,-647.927749574622,-553.032068143842,93.3979147436107,4.9804
neg_max_2.jpg,2,neg,pos,-4.4501004124992,45.8366004534457,82.894577786058,5.3145
neg_min_2.jpg,2,neg,neg,-676.447135530577,-553.032068143842,93.3979147436107,4.7588
neg_max_3.jpg,3,neg,pos,69.7146882070346,45.8366004534457,82.894577786058,5.041
neg_min_3.jpg,3,neg,neg,-808.446199668148,-553.032068143842,93.3979147436107,4.9109
neg_max_4.jpg,4,neg,pos,154.492015442269,45.8366004534457,82.894577786058,4.9445
neg_min_4.jpg,4,neg,neg,-587.530450748542,-553.032068143842,93.3979147436107,4.9097
neg_max_5.jpg,5,neg,pos,-1.63830816214488,45.8366004534457,82.894577786058,4.6946
neg_min_5.jpg,5,neg,neg,-603.543261532699,-553.032068143842,93.3979147436107,4.6792
neg_max_6.jpg,6,neg,pos,122.792969397673,45.8366004534457,82.894577786058,5.3647
neg_min_6.jpg,6,neg,neg,-691.334406584822,-553.032068143842,93.3979147436107,5.3008
neg_max_7.jpg,7,neg,pos,22.2320229397485,45.8366004534457,82.894577786058,4.1193
neg_min_7.jpg,7,neg,neg,-716.998000010083,-553.032068143842,93.3979147436107,4.4683
neg_max_8.jpg,8,neg,pos,-11.9247382130938,45.8366004534457,82.894577786058,4.1413
neg_min_8.jpg,8,neg,neg,-637.711438773712,-553.032068143842,93.3979147436107,4.628
neg_max_9.jpg,9,neg,pos,-83.4760543893307,45.8366004534457,82.894577786058,5.2049
neg_min_9.jpg,9,neg,neg,-516.441204086304,-553.032068143842,93.3979147436107,5.1239
neg_max_10.jpg,10,neg,pos,21.2269463737402,45.8366004534457,82.894577786058,5.3889
neg_min_10.jpg,10,neg,neg,-588.602124791052,-553.032068143842,93.3979147436107,5.1753
neg_max_11.jpg,11,neg,pos,9.88324450011638,45.8366004534457,82.894577786058,4.635
neg_min_11.jpg,11,neg,neg,-560.436156718942,-553.032068143842,93.3979147436107,5.3347
neg_max_12.jpg,12,neg,pos,141.161942784514,45.8366004534457,82.894577786058,5.5586
neg_min_12.jpg,12,neg,neg,-598.278398030439,-553.032068143842,93.3979147436107,5.2919
neg_max_13.jpg,13,neg,pos,14.2630586180954,45.8366004534457,82.894577786058,5.3608
neg_min_13.jpg,13,neg,neg,-609.717416851482,-553.032068143842,93.3979147436107,5.3788
neg_max_14.jpg,14,neg,pos,198.016719195645,45.8366004534457,82.894577786058,5.0578
neg_min_14.jpg,14,neg,neg,-545.602802941177,-553.032068143842,93.3979147436107,4.9104
neg_max_15.jpg,15,neg,pos,1.45731962198614,45.8366004534457,82.894577786058,5.009
neg_min_15.jpg,15,neg,neg,-522.885793707711,-553.032068143842,93.3979147436107,5.1925
neg_max_16.jpg,16,neg,pos,170.05707246943,45.8366004534457,82.894577786058,5.2532
neg_min_16.jpg,16,neg,neg,-613.651071593322,-553.032068143842,93.3979147436107,5.1183
neg_max_17.jpg,17,neg,pos,6.89604755468175,45.8366004534457,82.894577786058,5.1705
neg_min_17.jpg,17,neg,neg,-515.409115177749,-553.032068143842,93.3979147436107,4.7194
neg_max_18.jpg,18,neg,pos,-47.7907604614044,45.8366004534457,82.894577786058,4.3198
neg_min_18.jpg,18,neg,neg,-491.460271882992,-553.032068143842,93.3979147436107,4.4232
neg_max_19.jpg,19,neg,pos,33.1692060295189,45.8366004534457,82.894577786058,4.8291
neg_min_19.jpg,19,neg,neg,-628.195572128475,-553.032068143842,93.3979147436107,4.8098
neg_max_20.jpg,20,neg,pos,29.0315332567096,45.8366004534457,82.894577786058,4.8717
neg_min_20.jpg,20,neg,neg,-643.289727478396,-553.032068143842,93.3979147436107,4.9069
neg_max_21.jpg,21,neg,pos,78.0524378840216,45.8366004534457,82.894577786058,4.9594
neg_min_21.jpg,21,neg,neg,-587.188223599033,-553.032068143842,93.3979147436107,4.3442
neg_max_22.jpg,22,neg,pos,102.59969038468,45.8366004534457,82.894577786058,5.1619
neg_min_22.jpg,22,neg,neg,-559.318628260431,-553.032068143842,93.3979147436107,5.4154
neg_max_23.jpg,23,neg,pos,27.5793231116236,45.8366004534457,82.894577786058,5.0554
neg_min_23.jpg,23,neg,neg,-420.442939131649,-553.032068143842,93.3979147436107,4.5708
neg_max_24.jpg,24,neg,pos,41.9001607800943,45.8366004534457,82.894577786058,5.396
neg_min_24.jpg,24,neg,neg,-624.495928454031,-553.032068143842,93.3979147436107,4.8462
neg_max_25.jpg,25,neg,pos,26.7596230741914,45.8366004534457,82.894577786058,4.7916
neg_min_25.jpg,25,neg,neg,-666.747605539922,-553.032068143842,93.3979147436107,5.2995
neg_max_26.jpg,26,neg,pos,-25.1522132799293,45.8366004534457,82.894577786058,4.1687
neg_min_26.jpg,26,neg,neg,-420.472786997231,-553.032068143842,93.3979147436107,4.2651
neg_max_27.jpg,27,neg,pos,38.8585319734439,45.8366004534457,82.894577786058,4.4606
neg_min_27.jpg,27,neg,neg,-468.228038938415,-553.032068143842,93.3979147436107,4.7228
neg_max_28.jpg,28,neg,pos,72.3741696856793,45.8366004534457,82.894577786058,5.2659
neg_min_28.jpg,28,neg,neg,-581.570282611202,-553.032068143842,93.3979147436107,4.5638
neg_max_29.jpg,29,neg,pos,128.688955503007,45.8366004534457,82.894577786058,4.5567
neg_min_29.jpg,29,neg,neg,-508.342636602807,-553.032068143842,93.3979147436107,4.6867
neg_max_30.jpg,30,neg,pos,-57.7205373836185,45.8366004534457,82.894577786058,5.2196
neg_min_30.jpg,30,neg,neg,-472.376206342098,-553.032068143842,93.3979147436107,5.192
neg_max_31.jpg,31,neg,pos,16.3996114845527,45.8366004534457,82.894577786058,4.875
neg_min_31.jpg,31,neg,neg,-451.552514563433,-553.032068143842,93.3979147436107,4.9302
neg_max_32.jpg,32,neg,pos,21.2170756151103,45.8366004534457,82.894577786058,5.067
neg_min_32.jpg,32,neg,neg,-648.567062703921,-553.032068143842,93.3979147436107,5.3182
neg_max_33.jpg,33,neg,pos,-15.1640933865975,45.8366004534457,82.894577786058,5.3025
neg_min_33.jpg,33,neg,neg,-410.246947811103,-553.032068143842,93.3979147436107,4.9863
neg_max_34.jpg,34,neg,pos,50.9348918102493,45.8366004534457,82.894577786058,5.0287
neg_min_34.jpg,34,neg,neg,-506.590038066932,-553.032068143842,93.3979147436107,5.0016
neg_max_35.jpg,35,neg,pos,-56.8316496011031,45.8366004534457,82.894577786058,4.6947
neg_min_35.jpg,35,neg,neg,-475.223633481958,-553.032068143842,93.3979147436107,4.5599
neg_max_36.jpg,36,neg,pos,145.579307042522,45.8366004534457,82.894577786058,4.9393
neg_min_36.jpg,36,neg,neg,-580.519481619347,-553.032068143842,93.3979147436107,4.6104
neg_max_37.jpg,37,neg,pos,-8.70153591444429,45.8366004534457,82.894577786058,4.9824
neg_min_37.jpg,37,neg,neg,-382.850565427129,-553.032068143842,93.3979147436107,5.1916
neg_max_38.jpg,38,neg,pos,40.6475542652934,45.8366004534457,82.894577786058,5.1472
neg_min_38.jpg,38,neg,neg,-547.599755968769,-553.032068143842,93.3979147436107,5.0993
neg_max_39.jpg,39,neg,pos,30.2562707024266,45.8366004534457,82.894577786058,5.8693
neg_min_39.jpg,39,neg,neg,-433.887736759745,-553.032068143842,93.3979147436107,4.8251
neg_max_40.jpg,40,neg,pos,117.680106611719,45.8366004534457,82.894577786058,4.7403
neg_min_40.jpg,40,neg,neg,-485.167113117718,-553.032068143842,93.3979147436107,5.7407
neg_max_41.jpg,41,neg,pos,241.535383998846,45.8366004534457,82.894577786058,4.9083
neg_min_41.jpg,41,neg,neg,-459.604464514062,-553.032068143842,93.3979147436107,4.9983
neg_max_42.jpg,42,neg,pos,-52.2255473066924,45.8366004534457,82.894577786058,4.9534
neg_min_42.jpg,42,neg,neg,-453.227695369376,-553.032068143842,93.3979147436107,4.75
neg_max_43.jpg,43,neg,pos,114.67054964004,45.8366004534457,82.894577786058,5.3406
neg_min_43.jpg,43,neg,neg,-649.419226901146,-553.032068143842,93.3979147436107,5.035
neg_max_44.jpg,44,neg,pos,-1.4099620172707,45.8366004534457,82.894577786058,4.9033
neg_min_44.jpg,44,neg,neg,-340.576819524059,-553.032068143842,93.3979147436107,5.3594
neg_max_45.jpg,45,neg,pos,25.4325675935384,45.8366004534457,82.894577786058,4.9071
neg_min_45.jpg,45,neg,neg,-522.749533695088,-553.032068143842,93.3979147436107,4.932
neg_max_46.jpg,46,neg,pos,-5.54553674650649,45.8366004534457,82.894577786058,4.7153
neg_min_46.jpg,46,neg,neg,-555.975190160122,-553.032068143842,93.3979147436107,4.5438
neg_max_47.jpg,47,neg,pos,62.6661265969114,45.8366004534457,82.894577786058,4.5264
neg_min_47.jpg,47,neg,neg,-521.319622733034,-553.032068143842,93.3979147436107,4.6959
neg_max_48.jpg,48,neg,pos,95.0005141180277,45.8366004534457,82.894577786058,5.2421
neg_min_48.jpg,48,neg,neg,-524.808803561068,-553.032068143842,93.3979147436107,5.0627
neg_max_49.jpg,49,neg,pos,325.632772685361,45.8366004534457,82.894577786058,4.7077
neg_min_49.jpg,49,neg,neg,-631.376786613057,-553.032068143842,93.3979147436107,5.0625
pos_max_0.jpg,0,pos,pos,437.155969350972,435.957101806652,87.7006687270003,5.47
pos_min_0.jpg,0,pos,neg,33.8639654765444,-139.279414640913,70.8678464339152,5.7598
pos_max_1.jpg,1,pos,pos,426.516298523236,435.957101806652,87.7006687270003,5.3505
pos_min_1.jpg,1,pos,neg,-134.320320858947,-139.279414640913,70.8678464339152,4.7608
pos_max_2.jpg,2,pos,pos,556.099221842898,435.957101806652,87.7006687270003,4.8788
pos_min_2.jpg,2,pos,neg,-99.7551003763848,-139.279414640913,70.8678464339152,5.0529
pos_max_3.jpg,3,pos,pos,535.801854048346,435.957101806652,87.7006687270003,5.8969
pos_min_3.jpg,3,pos,neg,-36.9828808866013,-139.279414640913,70.8678464339152,5.9056
pos_max_4.jpg,4,pos,pos,556.877959897916,435.957101806652,87.7006687270003,4.9582
pos_min_4.jpg,4,pos,neg,-10.8801321088333,-139.279414640913,70.8678464339152,4.9398
pos_max_5.jpg,5,pos,pos,358.05434841247,435.957101806652,87.7006687270003,4.7003
pos_min_5.jpg,5,pos,neg,-101.716367576709,-139.279414640913,70.8678464339152,4.8646
pos_max_6.jpg,6,pos,pos,411.281193327277,435.957101806652,87.7006687270003,5.6679
pos_min_6.jpg,6,pos,neg,36.6588675442112,-139.279414640913,70.8678464339152,5.2653
pos_max_7.jpg,7,pos,pos,363.028682185755,435.957101806652,87.7006687270003,4.999
pos_min_7.jpg,7,pos,neg,-87.6177038269979,-139.279414640913,70.8678464339152,4.6845
pos_max_8.jpg,8,pos,pos,508.222221114663,435.957101806652,87.7006687270003,4.971
pos_min_8.jpg,8,pos,neg,-126.810093800923,-139.279414640913,70.8678464339152,5.387
pos_max_9.jpg,9,pos,pos,426.097813541013,435.957101806652,87.7006687270003,5.3743
pos_min_9.jpg,9,pos,neg,-158.112759171679,-139.279414640913,70.8678464339152,5.2491
pos_max_10.jpg,10,pos,pos,716.164541518037,435.957101806652,87.7006687270003,4.253
pos_min_10.jpg,10,pos,neg,-203.071244266624,-139.279414640913,70.8678464339152,4.6746
pos_max_11.jpg,11,pos,pos,490.966549578458,435.957101806652,87.7006687270003,5.4389
pos_min_11.jpg,11,pos,neg,-53.0186346918082,-139.279414640913,70.8678464339152,5.0799
pos_max_12.jpg,12,pos,pos,312.510815892397,435.957101806652,87.7006687270003,5.842
pos_min_12.jpg,12,pos,neg,-61.8756903151506,-139.279414640913,70.8678464339152,5.8249
pos_max_13.jpg,13,pos,pos,377.174602579352,435.957101806652,87.7006687270003,5.0461
pos_min_13.jpg,13,pos,neg,-219.300368969997,-139.279414640913,70.8678464339152,4.6746
pos_max_14.jpg,14,pos,pos,438.388091609043,435.957101806652,87.7006687270003,5.0915
pos_min_14.jpg,14,pos,neg,-143.892715243398,-139.279414640913,70.8678464339152,4.5365
pos_max_15.jpg,15,pos,pos,525.45274889235,435.957101806652,87.7006687270003,5.2471
pos_min_15.jpg,15,pos,neg,-168.140668265635,-139.279414640913,70.8678464339152,5.3818
pos_max_16.jpg,16,pos,pos,465.973726051068,435.957101806652,87.7006687270003,6.1933
pos_min_16.jpg,16,pos,neg,-181.433359849111,-139.279414640913,70.8678464339152,6.4094
pos_max_17.jpg,17,pos,pos,389.693944260122,435.957101806652,87.7006687270003,4.5019
pos_min_17.jpg,17,pos,neg,-109.525859728517,-139.279414640913,70.8678464339152,4.4377
pos_max_18.jpg,18,pos,pos,287.829922902797,435.957101806652,87.7006687270003,6.2287
pos_min_18.jpg,18,pos,neg,-71.1466174788765,-139.279414640913,70.8678464339152,5.5821
pos_max_19.jpg,19,pos,pos,386.258024859563,435.957101806652,87.7006687270003,5.155
pos_min_19.jpg,19,pos,neg,-30.5027627801316,-139.279414640913,70.8678464339152,5.8158
pos_max_20.jpg,20,pos,pos,378.825389914005,435.957101806652,87.7006687270003,5.4938
pos_min_20.jpg,20,pos,neg,-61.1160238968331,-139.279414640913,70.8678464339152,5.1632
pos_max_21.jpg,21,pos,pos,509.229959288709,435.957101806652,87.7006687270003,5.0141
pos_min_21.jpg,21,pos,neg,-191.573300270701,-139.279414640913,70.8678464339152,4.388
pos_max_22.jpg,22,pos,pos,384.179359006852,435.957101806652,87.7006687270003,5.2864
pos_min_22.jpg,22,pos,neg,-110.881238648023,-139.279414640913,70.8678464339152,5.4661
pos_max_23.jpg,23,pos,pos,355.799088066356,435.957101806652,87.7006687270003,4.263
pos_min_23.jpg,23,pos,neg,-149.836115591263,-139.279414640913,70.8678464339152,4.2471
pos_max_24.jpg,24,pos,pos,447.521678924715,435.957101806652,87.7006687270003,5.0078
pos_min_24.jpg,24,pos,neg,-229.615778819204,-139.279414640913,70.8678464339152,4.3959
pos_max_25.jpg,25,pos,pos,529.772292289939,435.957101806652,87.7006687270003,4.9879
pos_min_25.jpg,25,pos,neg,-184.104813958549,-139.279414640913,70.8678464339152,4.7813
pos_max_26.jpg,26,pos,pos,432.415136371465,435.957101806652,87.7006687270003,5.3844
pos_min_26.jpg,26,pos,neg,-198.12381760022,-139.279414640913,70.8678464339152,4.982
pos_max_27.jpg,27,pos,pos,494.375634383616,435.957101806652,87.7006687270003,4.769
pos_min_27.jpg,27,pos,neg,-126.881492368538,-139.279414640913,70.8678464339152,4.3479
pos_max_28.jpg,28,pos,pos,364.750165060143,435.957101806652,87.7006687270003,5.1348
pos_min_28.jpg,28,pos,neg,-233.158994793649,-139.279414640913,70.8678464339152,5.1748
pos_max_29.jpg,29,pos,pos,408.932821355315,435.957101806652,87.7006687270003,5.2026
pos_min_29.jpg,29,pos,neg,-211.804438051645,-139.279414640913,70.8678464339152,4.375
pos_max_30.jpg,30,pos,pos,370.830156300871,435.957101806652,87.7006687270003,5.5137
pos_min_30.jpg,30,pos,neg,-249.128642031709,-139.279414640913,70.8678464339152,5.1336
pos_max_31.jpg,31,pos,pos,436.008746901995,435.957101806652,87.7006687270003,4.7429
pos_min_31.jpg,31,pos,neg,-133.503346672533,-139.279414640913,70.8678464339152,4.9002
pos_max_32.jpg,32,pos,pos,523.132688766765,435.957101806652,87.7006687270003,4.5232
pos_min_32.jpg,32,pos,neg,-222.01276069252,-139.279414640913,70.8678464339152,5.4012
pos_max_33.jpg,33,pos,pos,294.02989484551,435.957101806652,87.7006687270003,4.9098
pos_min_33.jpg,33,pos,neg,-112.703118976563,-139.279414640913,70.8678464339152,4.9842
pos_max_34.jpg,34,pos,pos,455.128707861609,435.957101806652,87.7006687270003,4.9672
pos_min_34.jpg,34,pos,neg,-137.865347242118,-139.279414640913,70.8678464339152,4.9828
pos_max_35.jpg,35,pos,pos,329.022598436875,435.957101806652,87.7006687270003,5.5718
pos_min_35.jpg,35,pos,neg,-180.502321128079,-139.279414640913,70.8678464339152,5.8275
pos_max_36.jpg,36,pos,pos,356.956969804105,435.957101806652,87.7006687270003,4.9254
pos_min_36.jpg,36,pos,neg,-218.001790849724,-139.279414640913,70.8678464339152,5.3395
pos_max_37.jpg,37,pos,pos,437.674882987926,435.957101806652,87.7006687270003,5.0957
pos_min_37.jpg,37,pos,neg,-235.260591846567,-139.279414640913,70.8678464339152,5.1139
pos_max_38.jpg,38,pos,pos,444.524796301156,435.957101806652,87.7006687270003,5.6688
pos_min_38.jpg,38,pos,neg,-92.8395204967593,-139.279414640913,70.8678464339152,5.7975
pos_max_39.jpg,39,pos,pos,335.375455930154,435.957101806652,87.7006687270003,5.4224
pos_min_39.jpg,39,pos,neg,-85.6948418927228,-139.279414640913,70.8678464339152,5.5407
pos_max_40.jpg,40,pos,pos,397.918387691252,435.957101806652,87.7006687270003,4.8523
pos_min_40.jpg,40,pos,neg,-104.156129864836,-139.279414640913,70.8678464339152,4.5651
pos_max_41.jpg,41,pos,pos,542.032366899394,435.957101806652,87.7006687270003,5.223
pos_min_41.jpg,41,pos,neg,-171.167384832211,-139.279414640913,70.8678464339152,5.0642
pos_max_42.jpg,42,pos,pos,375.891185824465,435.957101806652,87.7006687270003,4.5985
pos_min_42.jpg,42,pos,neg,-128.272735215387,-139.279414640913,70.8678464339152,4.9634
pos_max_43.jpg,43,pos,pos,473.616190766641,435.957101806652,87.7006687270003,5.2971
pos_min_43.jpg,43,pos,neg,-249.608092890029,-139.279414640913,70.8678464339152,4.9289
pos_max_44.jpg,44,pos,pos,385.414110794945,435.957101806652,87.7006687270003,5.2021
pos_min_44.jpg,44,pos,neg,-245.799466313736,-139.279414640913,70.8678464339152,5.2196
pos_max_45.jpg,45,pos,pos,664.241403643445,435.957101806652,87.7006687270003,5.1466
pos_min_45.jpg,45,pos,neg,-189.136615000079,-139.279414640913,70.8678464339152,4.9563
pos_max_46.jpg,46,pos,pos,331.364087009868,435.957101806652,87.7006687270003,5.2424
pos_min_46.jpg,46,pos,neg,-141.905717298946,-139.279414640913,70.8678464339152,4.6619
pos_max_47.jpg,47,pos,pos,507.210874673073,435.957101806652,87.7006687270003,6.3929
pos_min_47.jpg,47,pos,neg,-137.437441532271,-139.279414640913,70.8678464339152,4.8963
pos_max_48.jpg,48,pos,pos,422.023761825606,435.957101806652,87.7006687270003,4.7104
pos_min_48.jpg,48,pos,neg,-150.748711276486,-139.279414640913,70.8678464339152,4.5179
pos_max_49.jpg,49,pos,pos,440.107768018117,435.957101806652,87.7006687270003,5.0694
pos_min_49.jpg,49,pos,neg,-153.549694818181,-139.279414640913,70.8678464339152,5.2976
mid_max_0.jpg,0,mid,pos,219.332836341743,302.355978662152,125.737306051723,5.1727
mid_min_0.jpg,0,mid,neg,-562.887738541208,-408.155399267692,153.19657666179,5.0607
mid_max_1.jpg,1,mid,pos,169.896138429312,302.355978662152,125.737306051723,5.6315
mid_min_1.jpg,1,mid,neg,-564.573242842129,-408.155399267692,153.19657666179,5.0189
mid_max_2.jpg,2,mid,pos,368.244095480479,302.355978662152,125.737306051723,5.5277
mid_min_2.jpg,2,mid,neg,-299.731813715113,-408.155399267692,153.19657666179,5.4855
mid_max_3.jpg,3,mid,pos,335.143634203673,302.355978662152,125.737306051723,5.1211
mid_min_3.jpg,3,mid,neg,-169.116359276663,-408.155399267692,153.19657666179,5.2988
mid_max_4.jpg,4,mid,pos,96.8198470580846,302.355978662152,125.737306051723,5.2467
mid_min_4.jpg,4,mid,neg,-450.010232759764,-408.155399267692,153.19657666179,5.3865
mid_max_5.jpg,5,mid,pos,322.321842151494,302.355978662152,125.737306051723,5.2664
mid_min_5.jpg,5,mid,neg,-268.207432887738,-408.155399267692,153.19657666179,5.3062
mid_max_6.jpg,6,mid,pos,117.372737938245,302.355978662152,125.737306051723,5.7822
mid_min_6.jpg,6,mid,neg,-374.93058468193,-408.155399267692,153.19657666179,4.9453
mid_max_7.jpg,7,mid,pos,398.527859255546,302.355978662152,125.737306051723,5.4015
mid_min_7.jpg,7,mid,neg,-458.613518172066,-408.155399267692,153.19657666179,5.1544
mid_max_8.jpg,8,mid,pos,150.832973577296,302.355978662152,125.737306051723,5.2762
mid_min_8.jpg,8,mid,neg,-596.216030394117,-408.155399267692,153.19657666179,4.8109
mid_max_9.jpg,9,mid,pos,374.095560049017,302.355978662152,125.737306051723,6.1636
mid_min_9.jpg,9,mid,neg,-216.629925925082,-408.155399267692,153.19657666179,5.6791
mid_max_10.jpg,10,mid,pos,392.038794453545,302.355978662152,125.737306051723,5.6987
mid_min_10.jpg,10,mid,neg,-462.555907364712,-408.155399267692,153.19657666179,5.5043
mid_max_11.jpg,11,mid,pos,267.741216091187,302.355978662152,125.737306051723,5.0031
mid_min_11.jpg,11,mid,neg,-416.275930355489,-408.155399267692,153.19657666179,5.3376
mid_max_12.jpg,12,mid,pos,388.608955795351,302.355978662152,125.737306051723,5.2568
mid_min_12.jpg,12,mid,neg,-589.489234608377,-408.155399267692,153.19657666179,5.2438
mid_max_13.jpg,13,mid,pos,224.409261050713,302.355978662152,125.737306051723,5.4846
mid_min_13.jpg,13,mid,neg,-367.95886832358,-408.155399267692,153.19657666179,5.4552
mid_max_14.jpg,14,mid,pos,445.222858954639,302.355978662152,125.737306051723,4.7862
mid_min_14.jpg,14,mid,neg,-270.799049407297,-408.155399267692,153.19657666179,4.8115
mid_max_15.jpg,15,mid,pos,246.062241157762,302.355978662152,125.737306051723,4.9168
mid_min_15.jpg,15,mid,neg,-238.176845516012,-408.155399267692,153.19657666179,4.9485
mid_max_16.jpg,16,mid,pos,269.431329318253,302.355978662152,125.737306051723,5.3775
mid_min_16.jpg,16,mid,neg,-390.118614718134,-408.155399267692,153.19657666179,5.1861
mid_max_17.jpg,17,mid,pos,162.547174236062,302.355978662152,125.737306051723,5.3522
mid_min_17.jpg,17,mid,neg,-539.27370275631,-408.155399267692,153.19657666179,5.6124
mid_max_18.jpg,18,mid,pos,302.729636819062,302.355978662152,125.737306051723,5.7476
mid_min_18.jpg,18,mid,neg,-427.486039303147,-408.155399267692,153.19657666179,5.1757
mid_max_19.jpg,19,mid,pos,504.758841690942,302.355978662152,125.737306051723,5.6588
mid_min_19.jpg,19,mid,neg,-289.477129791987,-408.155399267692,153.19657666179,5.1059
mid_max_20.jpg,20,mid,pos,206.611872587817,302.355978662152,125.737306051723,5.04
mid_min_20.jpg,20,mid,neg,-349.359424752732,-408.155399267692,153.19657666179,4.9337
mid_max_21.jpg,21,mid,pos,231.868220151142,302.355978662152,125.737306051723,4.5255
mid_min_21.jpg,21,mid,neg,-582.573943007921,-408.155399267692,153.19657666179,4.8551
mid_max_22.jpg,22,mid,pos,357.66446068913,302.355978662152,125.737306051723,4.6283
mid_min_22.jpg,22,mid,neg,-365.301813096758,-408.155399267692,153.19657666179,4.6718
mid_max_23.jpg,23,mid,pos,67.2612096054802,302.355978662152,125.737306051723,4.7939
mid_min_23.jpg,23,mid,neg,-481.483359834806,-408.155399267692,153.19657666179,4.847
mid_max_24.jpg,24,mid,pos,539.490027108379,302.355978662152,125.737306051723,5.0699
mid_min_24.jpg,24,mid,neg,-399.365918135381,-408.155399267692,153.19657666179,5.3621
mid_max_25.jpg,25,mid,pos,305.7478878731,302.355978662152,125.737306051723,5.3039
mid_min_25.jpg,25,mid,neg,-708.174251225385,-408.155399267692,153.19657666179,4.9735
mid_max_26.jpg,26,mid,pos,231.739529527468,302.355978662152,125.737306051723,5.4173
mid_min_26.jpg,26,mid,neg,-436.844925469246,-408.155399267692,153.19657666179,5.2621
mid_max_27.jpg,27,mid,pos,299.695517129877,302.355978662152,125.737306051723,5.0354
mid_min_27.jpg,27,mid,neg,-496.352377427402,-408.155399267692,153.19657666179,4.3539
mid_max_28.jpg,28,mid,pos,333.579636169873,302.355978662152,125.737306051723,5.4404
mid_min_28.jpg,28,mid,neg,-546.734128161589,-408.155399267692,153.19657666179,4.9095
mid_max_29.jpg,29,mid,pos,438.027038164,302.355978662152,125.737306051723,5.5121
mid_min_29.jpg,29,mid,neg,-312.45596729494,-408.155399267692,153.19657666179,4.4776
mid_max_30.jpg,30,mid,pos,156.614265838182,302.355978662152,125.737306051723,4.4372
mid_min_30.jpg,30,mid,neg,-614.318806470824,-408.155399267692,153.19657666179,4.8122
mid_max_31.jpg,31,mid,pos,218.195520183991,302.355978662152,125.737306051723,5.3004
mid_min_31.jpg,31,mid,neg,-564.682838591043,-408.155399267692,153.19657666179,5.1021
mid_max_32.jpg,32,mid,pos,524.398190089509,302.355978662152,125.737306051723,4.218
mid_min_32.jpg,32,mid,neg,-168.887500670589,-408.155399267692,153.19657666179,4.9838
mid_max_33.jpg,33,mid,pos,294.737650615068,302.355978662152,125.737306051723,5.2743
mid_min_33.jpg,33,mid,neg,-137.652579867258,-408.155399267692,153.19657666179,4.9183
mid_max_34.jpg,34,mid,pos,414.259101781158,302.355978662152,125.737306051723,5.2695
mid_min_34.jpg,34,mid,neg,-391.108064521484,-408.155399267692,153.19657666179,5.3379
mid_max_35.jpg,35,mid,pos,465.016023448312,302.355978662152,125.737306051723,4.7161
mid_min_35.jpg,35,mid,neg,-260.905479604316,-408.155399267692,153.19657666179,5.2182
mid_max_36.jpg,36,mid,pos,136.888097298036,302.355978662152,125.737306051723,5.5841
mid_min_36.jpg,36,mid,neg,-500.187132834597,-408.155399267692,153.19657666179,4.6566
mid_max_37.jpg,37,mid,pos,379.950784479389,302.355978662152,125.737306051723,4.8821
mid_min_37.jpg,37,mid,neg,-358.577115940739,-408.155399267692,153.19657666179,4.6203
mid_max_38.jpg,38,mid,pos,391.395569399739,302.355978662152,125.737306051723,5.7974
mid_min_38.jpg,38,mid,neg,-207.582627824004,-408.155399267692,153.19657666179,6.2501
mid_max_39.jpg,39,mid,pos,258.275191070838,302.355978662152,125.737306051723,5.3156
mid_min_39.jpg,39,mid,neg,-177.840119143949,-408.155399267692,153.19657666179,5.4762
mid_max_40.jpg,40,mid,pos,478.477427068734,302.355978662152,125.737306051723,4.4973
mid_min_40.jpg,40,mid,neg,-599.390878180998,-408.155399267692,153.19657666179,4.4514
mid_max_41.jpg,41,mid,pos,460.686097962465,302.355978662152,125.737306051723,5.5573
mid_min_41.jpg,41,mid,neg,-68.8267268337195,-408.155399267692,153.19657666179,5.4615
mid_max_42.jpg,42,mid,pos,134.713499589504,302.355978662152,125.737306051723,5.3419
mid_min_42.jpg,42,mid,neg,-544.333329055643,-408.155399267692,153.19657666179,5.0667
mid_max_43.jpg,43,mid,pos,462.190706608867,302.355978662152,125.737306051723,6.2034
mid_min_43.jpg,43,mid,neg,-445.198092538636,-408.155399267692,153.19657666179,5.6244
mid_max_44.jpg,44,mid,pos,292.329347573782,302.355978662152,125.737306051723,5.1643
mid_min_44.jpg,44,mid,neg,-577.027725410845,-408.155399267692,153.19657666179,5.2936
mid_max_45.jpg,45,mid,pos,307.46749217799,302.355978662152,125.737306051723,4.8678
mid_min_45.jpg,45,mid,neg,-119.412762773969,-408.155399267692,153.19657666179,4.8871
mid_max_46.jpg,46,mid,pos,330.122705611935,302.355978662152,125.737306051723,5.2856
mid_min_46.jpg,46,mid,neg,-525.512470495536,-408.155399267692,153.19657666179,5.0219
mid_max_47.jpg,47,mid,pos,438.352496513315,302.355978662152,125.737306051723,5.002
mid_min_47.jpg,47,mid,neg,-500.289492778394,-408.155399267692,153.19657666179,5.2818
mid_max_48.jpg,48,mid,pos,80.5575192416892,302.355978662152,125.737306051723,5.1122
mid_min_48.jpg,48,mid,neg,-531.433818670484,-408.155399267692,153.19657666179,5.3301
mid_max_49.jpg,49,mid,pos,125.348013496426,302.355978662152,125.737306051723,5.2022
mid_min_49.jpg,49,mid,neg,-483.428091430559,-408.155399267692,153.19657666179,4.5156
