1,0.21443,0.21443
1,0.05621,0.05621
1,0.096476,0.096476
1,0.0085337,0.0085337
1,0.19248,0.19248
1,0.068459,0.068459
1,0.21281,0.21281
0,0,0
1,0.010889,0.010889
1,0.057621,0.057621
1,0.069412,0.069412
1,0.078267,0.078267
2,0.072284,0.13386
2,0.031999,0.063299
5,0.0067305,0.029626
3,0.028364,0.064018
3,0.029923,0.073753
1,0.40305,0.40305
3,0.0055105,0.014484
1,0.0018126,0.0018126
2,0.16154,0.27958
1,0.077239,0.077239
2,0.079887,0.11769
1,0.14781,0.14781
2,0.062592,0.11324
1,0.030437,0.030437
1,0.1036,0.1036
4,0.023625,0.075657
4,0.061623,0.15988
0,0,0
1,0.028441,0.028441
2,0.01159,0.022793
1,0.043843,0.043843
1,0.08712,0.08712
1,0.053085,0.053085
0,0,0
2,0.13629,0.24111
1,0.081928,0.081928
1,0.022788,0.022788
1,0.019696,0.019696
1,0.08924,0.08924
2,0.21074,0.33301
1,0.04844,0.04844
0,0,0
0,0,0
1,0.083373,0.083373
2,0.12127,0.17757
1,0.1812,0.1812
2,0.044635,0.089078
0,0,0
1,0.13898,0.13898
0,0,0
0,0,0
0,0,0
1,0.0055473,0.0055473
0,0,0
2,0.0099803,0.015576
0,0,0
0,0,0
0,0,0
3,0.0047297,0.012038
0,0,0
2,0.025634,0.04698
0,0,0
0,0,0
0,0,0
0,0,0
1,0.012681,0.012681
0,0,0
1,0.014286,0.014286
0,0,0
1,0.0039957,0.0039957
3,0.012322,0.019032
1,0.031366,0.031366
0,0,0
5,0.052952,0.19441
4,0.022321,0.054533
0,0,0
1,0.024589,0.024589
1,0.036517,0.036517
1,0.084024,0.084024
0,0,0
1,0.15872,0.15872
1,0.16789,0.16789
0,0,0
2,0.18144,0.18525
1,0.12521,0.12521
1,0.26528,0.26528
1,0.025754,0.025754
1,0.12234,0.12234
1,0.059302,0.059302
1,0.23904,0.23904
1,0.19982,0.19982
2,0.094204,0.16735
1,0.015928,0.015928
1,0.0071358,0.0071358
0,0,0
2,0.14632,0.17412
2,0.052765,0.099192
1,0.031558,0.031558
0,0,0
0,0,0
0,0,0
0,0,0
1,0.037051,0.037051
0,0,0
2,0.062739,0.06555
0,0,0
1,0.03952,0.03952
0,0,0
0,0,0
0,0,0
1,0.086001,0.086001
1,0.087019,0.087019
0,0,0
1,0.13188,0.13188
0,0,0
1,0.21486,0.21486
0,0,0
1,0.1626,0.1626
1,0.014243,0.014243
1,0.23665,0.23665
0,0,0
0,0,0
0,0,0
2,0.083694,0.14871
0,0,0
0,0,0
2,0.30533,0.32893
1,0.10142,0.10142
0,0,0
2,0.079584,0.13633
1,0.053304,0.053304
0,0,0
1,0.046805,0.046805
1,0.054429,0.054429
0,0,0
0,0,0
0,0,0
0,0,0
0,0,0
0,0,0
1,0.0042883,0.0042883
0,0,0
0,0,0
2,0.026236,0.032472
1,0.0092144,0.0092144
2,0.023785,0.030016
0,0,0
0,0,0
0,0,0
1,0.003951,0.003951
1,0.0055194,0.0055194
0,0,0
0,0,0
0,0,0
1,0.0068737,0.0068737
1,0.012527,0.012527
0,0,0
0,0,0
0,0,0
0,0,0
1,0.0027627,0.0027627
0,0,0
1,0.035648,0.035648
3,0.042703,0.050334
3,0.014582,0.035629
1,0.029659,0.029659
1,0.0097232,0.0097232
0,0,0
0,0,0
0,0,0
0,0,0
0,0,0
1,0.018162,0.018162
1,0.028677,0.028677
8,0.030026,0.16932
0,0,0
6,0.055928,0.1881
0,0,0
0,0,0
0,0,0
3,0.15368,0.33021
1,0.014876,0.014876
1,0.030927,0.030927
1,0.032898,0.032898
1,0.029044,0.029044
0,0,0
4,0.026178,0.082483
1,0.010557,0.010557
2,0.016825,0.028702
1,0.0077514,0.0077514
0,0,0
4,0.0064221,0.020193
1,0.002369,0.002369
0,0,0
0,0,0
1,0.0030304,0.0030304
0,0,0
1,0.0066152,0.0066152
0,0,0
1,0.0081419,0.0081419
1,0.0069284,0.0069284
0,0,0
0,0,0
0,0,0
0,0,0
0,0,0
1,0.0025738,0.0025738
2,0.0018642,0.0033661
0,0,0
0,0,0
2,0.0068875,0.012428
0,0,0
1,0.0038362,0.0038362
0,0,0
1,0.018181,0.018181
0,0,0
1,0.012204,0.012204
0,0,0
3,0.051784,0.13572
1,0.0039086,0.0039086
0,0,0
0,0,0
0,0,0
0,0,0
0,0,0
0,0,0
7,0.0047563,0.026983
2,0.0076513,0.014797
0,0,0
1,0.011882,0.011882
1,0.014925,0.014925
0,0,0
2,0.023704,0.042493
0,0,0
2,0.021252,0.038674
2,0.016965,0.032149
0,0,0
0,0,0
0,0,0
1,0.0081395,0.0081395
0,0,0
5,0.012643,0.034757
1,0.0078893,0.0078893
0,0,0
0,0,0
0,0,0
1,0.0026822,0.0026822
2,0.0067306,0.011075
0,0,0
0,0,0
4,0.022116,0.045978
0,0,0
0,0,0
2,0.0031303,0.0058285
0,0,0
0,0,0
0,0,0
0,0,0
0,0,0
0,0,0
0,0,0
0,0,0
1,0.0036248,0.0036248
0,0,0
1,0.003708,0.003708
0,0,0
0,0,0
1,0.11224,0.11224
1,0.0065413,0.0065413
1,0.2328,0.2328
1,0.01454,0.01454
1,0.23954,0.23954
0,0,0
0,0,0
0,0,0
1,0.017698,0.017698
1,0.072377,0.072377
1,0.19796,0.19796
0,0,0
0,0,0
1,0.04762,0.04762
1,0.18619,0.18619
1,0.021856,0.021856
0,0,0
1,0.11486,0.11486
0,0,0
2,0.064739,0.12862
1,0.17659,0.17659
2,0.018448,0.027925
1,0.078034,0.078034
1,0.46887,0.46887
3,0.054827,0.078399
1,0.1809,0.1809
1,0.0076469,0.0076469
1,0.032747,0.032747
1,0.33157,0.33157
1,0.16995,0.16995
1,0.46393,0.46393
1,0.45418,0.45418
2,0.018437,0.030664
1,0.061503,0.061503
1,0.063456,0.063456
1,0.040671,0.040671
1,0.03925,0.03925
1,0.29294,0.29294
2,0.043256,0.067353
3,0.0044194,0.010957
1,0.097725,0.097725
0,0,0
0,0,0
0,0,0
3,0.059857,0.14881
1,0.36866,0.36866
0,0,0
1,0.063057,0.063057
1,0.344,0.344
0,0,0
2,0.014716,0.029432
0,0,0
2,0.031981,0.057872
1,0.21843,0.21843
1,0.2396,0.2396
1,0.29901,0.29901
1,0.0052884,0.0052884
1,0.088439,0.088439
0,0,0
1,0.095888,0.095888
0,0,0
0,0,0
0,0,0
0,0,0
2,0.024715,0.038387
1,0.099304,0.099304
2,0.32847,0.39529
1,0.68237,0.68237
1,0.57735,0.57735
1,0.098687,0.098687
1,0.15004,0.15004
1,0.0036926,0.0036926
0,0,0
3,0.018851,0.036901
1,0.23777,0.23777
1,0.055808,0.055808
3,0.0095593,0.021336
1,0.002705,0.002705
2,0.039548,0.073296
1,0.14088,0.14088
1,0.085648,0.085648
1,0.32799,0.32799
2,0.095152,0.13442
1,0.0095308,0.0095308
2,0.26465,0.41536
2,0.051077,0.092329
3,0.016005,0.026854
0,0,0
0,0,0
1,0.0087515,0.0087515
1,0.033909,0.033909
2,0.078447,0.11986
2,0.036275,0.060222
1,0.0019769,0.0019769
1,0.03757,0.03757
0,0,0
0,0,0
1,0.68391,0.68391
0,0,0
4,0.0073738,0.02047
0,0,0
3,0.031351,0.05392
0,0,0
1,0.11917,0.11917
1,0.089355,0.089355
0,0,0
0,0,0
1,0.035897,0.035897
0,0,0
0,0,0
0,0,0
1,0.0086767,0.0086767
2,0.01227,0.023734
2,0.028204,0.03138
1,0.032321,0.032321
3,0.11328,0.33366
2,0.0076683,0.014867
2,0.13087,0.25258
2,0.0038401,0.0061953
1,0.18646,0.18646
2,0.049747,0.080146
1,0.0053671,0.0053671
0,0,0
0,0,0
1,0.024661,0.024661
2,0.020412,0.035953
7,0.015808,0.047679
1,0.0078281,0.0078281
1,0.38217,0.38217
2,0.066773,0.071677
0,0,0
0,0,0
2,0.088556,0.11751
3,0.059569,0.13534
1,0.014605,0.014605
2,0.018579,0.029745
1,0.020223,0.020223
0,0,0
0,0,0
1,0.0084012,0.0084012
2,0.0048514,0.0086587
1,0.017666,0.017666
0,0,0
1,0.28981,0.28981
1,0.022817,0.022817
1,0.2681,0.2681
2,0.013225,0.015526
1,0.24356,0.24356
1,0.14335,0.14335
6,0.038164,0.073727
1,0.27155,0.27155
1,0.62981,0.62981
1,0.025855,0.025855
1,0.0031424,0.0031424
1,0.01458,0.01458
1,0.071169,0.071169
0,0,0
0,0,0
1,0.0078634,0.0078634
0,0,0
2,0.0075432,0.013412
0,0,0
0,0,0
0,0,0
3,0.0032987,0.0090709
0,0,0
1,0.028072,0.028072
3,0.013518,0.022944
0,0,0
0,0,0
0,0,0
2,0.037734,0.073973
1,0.0018673,0.0018673
0,0,0
2,0.046112,0.071599
3,0.0091651,0.020228
0,0,0
1,0.040176,0.040176
0,0,0
0,0,0
1,0.10535,0.10535
0,0,0
1,0.0050923,0.0050923
0,0,0
1,0.22819,0.22819
0,0,0
0,0,0
0,0,0
1,0.26063,0.26063
0,0,0
0,0,0
1,0.048579,0.048579
0,0,0
0,0,0
0,0,0
0,0,0
0,0,0
1,0.0030147,0.0030147
0,0,0
0,0,0
0,0,0
0,0,0
4,0.047618,0.12516
1,0.10328,0.10328
0,0,0
1,0.012057,0.012057
0,0,0
0,0,0
0,0,0
0,0,0
0,0,0
0,0,0
0,0,0
0,0,0
0,0,0
0,0,0
0,0,0
1,0.021104,0.021104
0,0,0
1,0.0034416,0.0034416
1,0.23012,0.23012
1,0.0051671,0.0051671
0,0,0
0,0,0
0,0,0
0,0,0
0,0,0
1,0.034836,0.034836
5,0.032553,0.10663
0,0,0
0,0,0
0,0,0
1,0.21983,0.21983
1,0.51671,0.51671
1,0.00372,0.00372
0,0,0
1,0.18212,0.18212
0,0,0
1,0.13478,0.13478
0,0,0
0,0,0
0,0,0
0,0,0
1,0.014378,0.014378
0,0,0
0,0,0
0,0,0
2,0.02582,0.047981
0,0,0
1,0.24835,0.24835
1,0.22485,0.22485
0,0,0
0,0,0
0,0,0
0,0,0
0,0,0
0,0,0
0,0,0
0,0,0
0,0,0
0,0,0
0,0,0
0,0,0
0,0,0
1,0.020642,0.020642
0,0,0
0,0,0
0,0,0
0,0,0
0,0,0
1,0.014922,0.014922
0,0,0
0,0,0
0,0,0
0,0,0
0,0,0
0,0,0
0,0,0
0,0,0
0,0,0
0,0,0
0,0,0
0,0,0
0,0,0
0,0,0
1,0.0054826,0.0054826
0,0,0
0,0,0
0,0,0
0,0,0
0,0,0
0,0,0
0,0,0
0,0,0
0,0,0
0,0,0
0,0,0
0,0,0
0,0,0
1,0.0077679,0.0077679
0,0,0
0,0,0
0,0,0
0,0,0
0,0,0
0,0,0
0,0,0
0,0,0
0,0,0
0,0,0
1,0.92231,0.92231
0,0,0
0,0,0
0,0,0
0,0,0
0,0,0
0,0,0
0,0,0
1,0.026716,0.026716
1,0.067693,0.067693
0,0,0
1,0.02045,0.02045
1,0.0035974,0.0035974
0,0,0
0,0,0
1,0.02083,0.02083
0,0,0
0,0,0
0,0,0
0,0,0
0,0,0
0,0,0
1,0.18011,0.18011
0,0,0
0,0,0
1,0.029276,0.029276
0,0,0
0,0,0
0,0,0
0,0,0
0,0,0
0,0,0
0,0,0
0,0,0
0,0,0
0,0,0
0,0,0
0,0,0
0,0,0
0,0,0
0,0,0
0,0,0
0,0,0
0,0,0
0,0,0
0,0,0
0,0,0
0,0,0
0,0,0
1,0.032972,0.032972
0,0,0
0,0,0
0,0,0
1,0.13263,0.13263
0,0,0
0,0,0
0,0,0
2,0.056552,0.059318
1,0.0031315,0.0031315
0,0,0
0,0,0
0,0,0
0,0,0
0,0,0
0,0,0
0,0,0
0,0,0
0,0,0
0,0,0
0,0,0
0,0,0
0,0,0
0,0,0
0,0,0
1,0.0044627,0.0044627
0,0,0
0,0,0
1,0.013266,0.013266
0,0,0
0,0,0
0,0,0
0,0,0
0,0,0
1,0.0056245,0.0056245
1,0.005189,0.005189
1,0.020193,0.020193
1,0.016463,0.016463
1,0.013603,0.013603
1,0.019056,0.019056
2,0.0035688,0.0071248
1,0.0215,0.0215
1,0.027756,0.027756
0,0,0
0,0,0
1,0.019855,0.019855
1,0.0029172,0.0029172
1,0.03191,0.03191
1,0.010056,0.010056
0,0,0
1,0.024334,0.024334
0,0,0
1,0.0080117,0.0080117
0,0,0
1,0.053706,0.053706
0,0,0
1,0.0088699,0.0088699
0,0,0
0,0,0
1,0.020542,0.020542
1,0.0334,0.0334
1,0.031006,0.031006
0,0,0
1,0.10869,0.10869
1,0.086459,0.086459
1,0.027869,0.027869
0,0,0
1,0.020325,0.020325
0,0,0
0,0,0
1,0.029074,0.029074
0,0,0
0,0,0
0,0,0
1,0.024928,0.024928
1,0.035948,0.035948
1,0.28313,0.28313
1,0.035576,0.035576
1,0.020337,0.020337
1,0.0059384,0.0059384
2,0.031631,0.061599
0,0,0
0,0,0
0,0,0
1,0.02323,0.02323
0,0,0
2,0.049835,0.091896
0,0,0
4,0.033536,0.059257
1,0.0066341,0.0066341
2,0.036532,0.062601
2,0.12202,0.22851
2,0.019113,0.036238
2,0.0070063,0.012009
0,0,0
2,0.02923,0.054743
0,0,0
0,0,0
1,0.05983,0.05983
2,0.10007,0.19099
0,0,0
0,0,0
1,0.05674,0.05674
1,0.017681,0.017681
0,0,0
0,0,0
1,0.15022,0.15022
1,0.037031,0.037031
1,0.037026,0.037026
1,0.021376,0.021376
0,0,0
0,0,0
0,0,0
0,0,0
0,0,0
0,0,0
0,0,0
1,0.024597,0.024597
0,0,0
0,0,0
0,0,0
0,0,0
0,0,0
2,0.10311,0.15267
1,0.042781,0.042781
1,0.11721,0.11721
1,0.026273,0.026273
0,0,0
0,0,0
0,0,0
0,0,0
0,0,0
0,0,0
0,0,0
0,0,0
0,0,0
0,0,0
0,0,0
0,0,0
0,0,0
0,0,0
0,0,0
1,0.5744,0.5744
1,0.054693,0.054693
0,0,0
0,0,0
0,0,0
0,0,0
0,0,0
0,0,0
0,0,0
0,0,0
0,0,0
0,0,0
0,0,0
0,0,0
0,0,0
0,0,0
0,0,0
0,0,0
0,0,0
0,0,0
0,0,0
0,0,0
0,0,0
0,0,0
0,0,0
0,0,0
0,0,0
0,0,0
0,0,0
0,0,0
0,0,0
0,0,0
0,0,0
0,0,0
0,0,0
0,0,0
0,0,0
0,0,0
0,0,0
0,0,0
0,0,0
0,0,0
0,0,0
0,0,0
0,0,0
0,0,0
0,0,0
0,0,0
0,0,0
0,0,0
0,0,0
0,0,0
1,0.0025041,0.0025041
0,0,0
0,0,0
0,0,0
0,0,0
0,0,0
0,0,0
0,0,0
1,0.054336,0.054336
0,0,0
0,0,0
0,0,0
0,0,0
0,0,0
2,0.014797,0.029429
0,0,0
0,0,0
3,0.05884,0.14991
0,0,0
0,0,0
0,0,0
1,0.027733,0.027733
0,0,0
1,0.23856,0.23856
1,0.008306,0.008306
1,0.034734,0.034734
1,0.013163,0.013163
0,0,0
0,0,0
0,0,0
0,0,0
0,0,0
0,0,0
0,0,0
1,0.053384,0.053384
1,0.14682,0.14682
0,0,0
1,0.062487,0.062487
1,0.09711,0.09711
2,0.098331,0.19611
1,0.0085775,0.0085775
0,0,0
0,0,0
1,0.03328,0.03328
0,0,0
0,0,0
1,0.011834,0.011834
1,0.0041135,0.0041135
1,0.0025022,0.0025022
2,0.014277,0.019968
2,0.039897,0.048824
3,0.0050356,0.014248
3,0.028059,0.077464
0,0,0
0,0,0
0,0,0
0,0,0
0,0,0
0,0,0
0,0,0
0,0,0
0,0,0
0,0,0
0,0,0
0,0,0
0,0,0
0,0,0
0,0,0
0,0,0
0,0,0
0,0,0
0,0,0
0,0,0
0,0,0
0,0,0
0,0,0
0,0,0
0,0,0
0,0,0
0,0,0
0,0,0
0,0,0
0,0,0
0,0,0
0,0,0
0,0,0
0,0,0
0,0,0
0,0,0
0,0,0
0,0,0
0,0,0
0,0,0
0,0,0
0,0,0
0,0,0
0,0,0
0,0,0
0,0,0
0,0,0
0,0,0
0,0,0
0,0,0
0,0,0
0,0,0
0,0,0
0,0,0
0,0,0
0,0,0
0,0,0
0,0,0
0,0,0
0,0,0
0,0,0
0,0,0
0,0,0
0,0,0
0,0,0
0,0,0
0,0,0
0,0,0
1,0.0098423,0.0098423
0,0,0
0,0,0
0,0,0
0,0,0
0,0,0
0,0,0
0,0,0
0,0,0
0,0,0
0,0,0
0,0,0
0,0,0
0,0,0
0,0,0
0,0,0
0,0,0
0,0,0
0,0,0
0,0,0
0,0,0
0,0,0
0,0,0
0,0,0
0,0,0
0,0,0
0,0,0
0,0,0
0,0,0
0,0,0
0,0,0
0,0,0
0,0,0
0,0,0
0,0,0
0,0,0
0,0,0
0,0,0
0,0,0
0,0,0
0,0,0
0,0,0
0,0,0
0,0,0
1,0.025663,0.025663
0,0,0
0,0,0
0,0,0
1,0.0061786,0.0061786
0,0,0
0,0,0
0,0,0
0,0,0
0,0,0
0,0,0
0,0,0
0,0,0
0,0,0
0,0,0
0,0,0
1,0.0081211,0.0081211
0,0,0
0,0,0
0,0,0
1,0.0036755,0.0036755
2,0.010891,0.01498
0,0,0
1,0.024871,0.024871
2,0.0062039,0.0087588
0,0,0
0,0,0
1,0.0091457,0.0091457
0,0,0
0,0,0
0,0,0
0,0,0
0,0,0
0,0,0
0,0,0
0,0,0
0,0,0
1,0.0033993,0.0033993
1,0.0022924,0.0022924
0,0,0
0,0,0
0,0,0
0,0,0
1,0.058525,0.058525
1,0.0061896,0.0061896
0,0,0
0,0,0
0,0,0
0,0,0
0,0,0
1,0.089072,0.089072
1,0.038976,0.038976
0,0,0
1,0.019899,0.019899
1,0.0031412,0.0031412
0,0,0
1,0.0031896,0.0031896
1,0.0072547,0.0072547
3,0.010244,0.028505
7,0.0056499,0.022341
1,0.0036045,0.0036045
1,0.0055803,0.0055803
0,0,0
0,0,0
0,0,0
3,0.0083127,0.023381
2,0.0024183,0.0044876
2,0.036237,0.070923
3,0.024046,0.064512
0,0,0
0,0,0
1,0.007378,0.007378
0,0,0
0,0,0
2,0.015524,0.026303
1,0.042517,0.042517
1,0.0030957,0.0030957
0,0,0
0,0,0
0,0,0
0,0,0
0,0,0
0,0,0
0,0,0
0,0,0
1,0.4739,0.4739
2,0.0283,0.043657
3,0.0058468,0.01393
1,0.0021541,0.0021541
1,1.2539,1.2539
0,0,0
0,0,0
0,0,0
0,0,0
0,0,0
0,0,0
0,0,0
0,0,0
0,0,0
0,0,0
0,0,0
0,0,0
2,0.0043427,0.0072375
0,0,0
2,0.023343,0.039457
3,0.0045286,0.012596
0,0,0
0,0,0
0,0,0
0,0,0
0,0,0
0,0,0
1,0.0060589,0.0060589
0,0,0
0,0,0
0,0,0
0,0,0
0,0,0
0,0,0
0,0,0
0,0,0
0,0,0
0,0,0
1,0.0027684,0.0027684
0,0,0
3,0.0079233,0.01607
1,0.0090363,0.0090363
0,0,0
1,0.0055848,0.0055848
1,0.038949,0.038949
1,0.0039825,0.0039825
0,0,0
2,0.012282,0.024157
0,0,0
2,0.0072245,0.012492
2,0.012991,0.015098
6,0.0371,0.080856
0,0,0
0,0,0
0,0,0
1,0.0049627,0.0049627
1,0.021994,0.021994
0,0,0
2,0.021755,0.025918
0,0,0
1,0.072658,0.072658
0,0,0
0,0,0
1,0.020974,0.020974
0,0,0
0,0,0
0,0,0
0,0,0
0,0,0
0,0,0
0,0,0
0,0,0
0,0,0
0,0,0
0,0,0
0,0,0
0,0,0
0,0,0
2,0.075416,0.080976
0,0,0
0,0,0
0,0,0
0,0,0
0,0,0
0,0,0
0,0,0
0,0,0
0,0,0
0,0,0
3,0.004252,0.011552
1,0.0088879,0.0088879
0,0,0
0,0,0
1,0.017763,0.017763
0,0,0
0,0,0
0,0,0
0,0,0
0,0,0
0,0,0
0,0,0
0,0,0
1,0.011207,0.011207
0,0,0
1,0.0096248,0.0096248
0,0,0
2,0.0057188,0.010807
0,0,0
0,0,0
0,0,0
0,0,0
1,0.022407,0.022407
0,0,0
0,0,0
0,0,0
1,0.0052639,0.0052639
1,0.0089659,0.0089659
0,0,0
1,0.012855,0.012855
2,0.0050438,0.0095213
0,0,0
1,0.0055826,0.0055826
0,0,0
0,0,0
1,0.0084988,0.0084988
0,0,0
0,0,0
0,0,0
0,0,0
0,0,0
0,0,0
0,0,0
1,0.003422,0.003422
0,0,0
0,0,0
0,0,0
0,0,0
0,0,0
0,0,0
0,0,0
0,0,0
0,0,0
0,0,0
0,0,0
0,0,0
0,0,0
0,0,0
0,0,0
1,0.0053534,0.0053534
0,0,0
0,0,0
3,0.01179,0.025368
0,0,0
0,0,0
0,0,0
0,0,0
0,0,0
0,0,0
0,0,0
1,0.0052256,0.0052256
0,0,0
0,0,0
0,0,0
0,0,0
0,0,0
0,0,0
0,0,0
0,0,0
0,0,0
0,0,0
0,0,0
0,0,0
0,0,0
0,0,0
0,0,0
0,0,0
0,0,0
0,0,0
1,0.018196,0.018196
0,0,0
0,0,0
0,0,0
1,0.0031139,0.0031139
0,0,0
0,0,0
1,0.0033792,0.0033792
0,0,0
0,0,0
0,0,0
0,0,0
0,0,0
0,0,0
1,0.0022055,0.0022055
0,0,0
0,0,0
0,0,0
0,0,0
0,0,0
0,0,0
0,0,0
0,0,0
0,0,0
1,0.0051219,0.0051219
0,0,0
0,0,0
0,0,0
0,0,0
0,0,0
0,0,0
0,0,0
0,0,0
0,0,0
0,0,0
0,0,0
0,0,0
0,0,0
0,0,0
0,0,0
1,0.0073392,0.0073392
0,0,0
0,0,0
0,0,0
0,0,0
0,0,0
0,0,0
0,0,0
0,0,0
1,0.20775,0.20775
1,0.5229,0.5229
1,1.5573,1.5573
0,0,0
1,0.53462,0.53462
0,0,0
0,0,0
0,0,0
0,0,0
0,0,0
0,0,0
0,0,0
0,0,0
0,0,0
0,0,0
0,0,0
0,0,0
0,0,0
0,0,0
0,0,0
0,0,0
0,0,0
0,0,0
1,0.0036637,0.0036637
0,0,0
0,0,0
0,0,0
0,0,0
0,0,0
0,0,0
1,0.0044933,0.0044933
0,0,0
0,0,0
0,0,0
0,0,0
0,0,0
0,0,0
0,0,0
0,0,0
0,0,0
0,0,0
0,0,0
0,0,0
0,0,0
0,0,0
0,0,0
0,0,0
0,0,0
0,0,0
0,0,0
1,0.0049952,0.0049952
0,0,0
0,0,0
0,0,0
0,0,0
0,0,0
0,0,0
0,0,0
0,0,0
0,0,0
0,0,0
0,0,0
0,0,0
0,0,0
0,0,0
0,0,0
0,0,0
0,0,0
0,0,0
0,0,0
0,0,0
0,0,0
0,0,0
0,0,0
0,0,0
0,0,0
0,0,0
0,0,0
0,0,0
0,0,0
0,0,0
0,0,0
1,0.0030347,0.0030347
0,0,0
0,0,0
0,0,0
0,0,0
0,0,0
0,0,0
0,0,0
1,0.0054891,0.0054891
0,0,0
0,0,0
0,0,0
0,0,0
0,0,0
0,0,0
0,0,0
0,0,0
0,0,0
0,0,0
0,0,0
0,0,0
0,0,0
0,0,0
0,0,0
0,0,0
0,0,0
0,0,0
0,0,0
0,0,0
0,0,0
0,0,0
0,0,0
0,0,0
0,0,0
0,0,0
0,0,0
0,0,0
0,0,0
0,0,0
0,0,0
0,0,0
0,0,0
1,0.03196,0.03196
0,0,0
0,0,0
0,0,0
0,0,0
0,0,0
0,0,0
0,0,0
0,0,0
0,0,0
1,0.025654,0.025654
0,0,0
0,0,0
0,0,0
0,0,0
0,0,0
0,0,0
0,0,0
0,0,0
0,0,0
0,0,0
0,0,0
0,0,0
0,0,0
0,0,0
0,0,0
0,0,0
0,0,0
0,0,0
0,0,0
0,0,0
0,0,0
1,0.0035955,0.0035955
0,0,0
0,0,0
0,0,0
0,0,0
0,0,0
0,0,0
1,0.0022399,0.0022399
0,0,0
0,0,0
0,0,0
0,0,0
0,0,0
0,0,0
0,0,0
0,0,0
1,0.012722,0.012722
1,0.0066446,0.0066446
0,0,0
0,0,0
0,0,0
0,0,0
0,0,0
0,0,0
0,0,0
0,0,0
0,0,0
0,0,0
0,0,0
0,0,0
0,0,0
0,0,0
0,0,0
0,0,0
0,0,0
0,0,0
0,0,0
0,0,0
0,0,0
0,0,0
0,0,0
0,0,0
0,0,0
0,0,0
0,0,0
0,0,0
1,0.0042277,0.0042277
0,0,0
0,0,0
0,0,0
0,0,0
0,0,0
0,0,0
0,0,0
1,0.12274,0.12274
0,0,0
0,0,0
0,0,0
0,0,0
0,0,0
0,0,0
0,0,0
0,0,0
0,0,0
0,0,0
0,0,0
0,0,0
0,0,0
0,0,0
1,0.028932,0.028932
2,0.0055882,0.010301
0,0,0
0,0,0
0,0,0
0,0,0
0,0,0
1,0.077411,0.077411
1,0.13184,0.13184
0,0,0
0,0,0
1,0.0036019,0.0036019
1,0.01418,0.01418
0,0,0
0,0,0
0,0,0
0,0,0
0,0,0
1,0.16835,0.16835
1,0.0068135,0.0068135
4,0.0040737,0.012032
0,0,0
0,0,0
0,0,0
0,0,0
1,0.018866,0.018866
0,0,0
6,0.0081519,0.025811
0,0,0
2,0.0034858,0.0042512
2,0.017437,0.021489
0,0,0
2,0.0054141,0.0090911
0,0,0
3,0.0036479,0.0098789
1,0.0043347,0.0043347
4,0.011212,0.021644
0,0,0
0,0,0
0,0,0
0,0,0
1,0.012493,0.012493
1,0.0048553,0.0048553
3,0.0107,0.023574
0,0,0
2,0.0038679,0.0066015
1,0.26154,0.26154
0,0,0
0,0,0
0,0,0
0,0,0
0,0,0
0,0,0
1,0.32919,0.32919
0,0,0
0,0,0
1,0.0030811,0.0030811
1,0.0056933,0.0056933
0,0,0
0,0,0
0,0,0
0,0,0
0,0,0
0,0,0
1,0.0022779,0.0022779
0,0,0
0,0,0
3,0.0082718,0.023848
2,0.01054,0.01531
2,0.025446,0.036537
0,0,0
0,0,0
0,0,0
0,0,0
0,0,0
1,0.0056064,0.0056064
0,0,0
0,0,0
1,0.10992,0.10992
1,0.031441,0.031441
0,0,0
0,0,0
0,0,0
2,0.007008,0.011453
1,0.041899,0.041899
1,0.0097854,0.0097854
1,0.015449,0.015449
0,0,0
0,0,0
0,0,0
3,0.01975,0.044563
3,0.042751,0.073227
3,0.013577,0.034653
1,0.5445,0.5445
4,0.012033,0.043174
1,0.0055503,0.0055503
0,0,0
0,0,0
0,0,0
0,0,0
2,0.027737,0.04641
6,0.011042,0.030992
11,0.0067125,0.039515
0,0,0
0,0,0
0,0,0
0,0,0
0,0,0
0,0,0
0,0,0
0,0,0
1,0.04114,0.04114
1,0.0043984,0.0043984
2,0.051592,0.066091
5,0.014157,0.04795
0,0,0
1,0.27959,0.27959
0,0,0
2,0.025541,0.036415
0,0,0
2,0.0131,0.025198
1,0.12849,0.12849
0,0,0
0,0,0
2,0.1801,0.3026
1,0.0035543,0.0035543
0,0,0
0,0,0
4,0.0098333,0.02913
2,0.0063966,0.011711
0,0,0
2,0.024586,0.032005
0,0,0
0,0,0
0,0,0
0,0,0
1,0.27548,0.27548
0,0,0
0,0,0
0,0,0
0,0,0
1,0.013229,0.013229
3,0.020906,0.044086
21,0.011297,0.14979
0,0,0
0,0,0
0,0,0
0,0,0
0,0,0
1,0.0056043,0.0056043
1,0.0039356,0.0039356
1,0.030952,0.030952
0,0,0
2,0.010408,0.015372
5,0.015098,0.047461
0,0,0
0,0,0
0,0,0
0,0,0
0,0,0
0,0,0
2,0.004451,0.0088507
4,0.058928,0.093673
1,0.0085366,0.0085366
0,0,0
0,0,0
3,0.0060065,0.010271
0,0,0
0,0,0
0,0,0
0,0,0
0,0,0
0,0,0
1,0.011035,0.011035
0,0,0
4,0.022652,0.076206
1,0.0076442,0.0076442
4,0.0037213,0.012434
1,0.0092444,0.0092444
2,0.0040337,0.0073236
0,0,0
0,0,0
0,0,0
0,0,0
0,0,0
0,0,0
0,0,0
0,0,0
0,0,0
0,0,0
0,0,0
0,0,0
0,0,0
0,0,0
0,0,0
0,0,0
0,0,0
1,0.011456,0.011456
0,0,0
0,0,0
0,0,0
0,0,0
0,0,0
2,0.015086,0.023803
1,0.05216,0.05216
1,0.0040218,0.0040218
2,0.0054085,0.010451
0,0,0
3,0.011866,0.023642
0,0,0
2,0.015757,0.023238
0,0,0
0,0,0
0,0,0
0,0,0
0,0,0
0,0,0
0,0,0
1,0.028563,0.028563
0,0,0
0,0,0
0,0,0
0,0,0
0,0,0
0,0,0
0,0,0
2,0.03675,0.072163
0,0,0
1,0.10127,0.10127
0,0,0
0,0,0
0,0,0
0,0,0
0,0,0
0,0,0
1,0.084983,0.084983
0,0,0
0,0,0
1,0.075586,0.075586
0,0,0
0,0,0
3,0.0077614,0.019292
0,0,0
1,0.013622,0.013622
0,0,0
2,0.030132,0.043612
0,0,0
0,0,0
0,0,0
0,0,0
0,0,0
0,0,0
0,0,0
0,0,0
2,0.025218,0.039474
1,0.0031268,0.0031268
2,0.0034253,0.0062407
0,0,0
2,0.04541,0.079008
1,0.0088243,0.0088243
0,0,0
0,0,0
1,0.010652,0.010652
0,0,0
0,0,0
0,0,0
0,0,0
2,0.025641,0.031826
3,0.010483,0.020631
6,0.015515,0.046552
0,0,0
0,0,0
0,0,0
0,0,0
0,0,0
0,0,0
0,0,0
0,0,0
1,0.018307,0.018307
0,0,0
5,0.056354,0.12372
2,0.010518,0.016019
0,0,0
3,0.0066458,0.01799
0,0,0
0,0,0
0,0,0
0,0,0
0,0,0
1,0.0048086,0.0048086
0,0,0
0,0,0
2,0.029109,0.049311
1,0.0058629,0.0058629
0,0,0
1,0.11906,0.11906
2,0.022339,0.036426
0,0,0
0,0,0
0,0,0
2,0.0036883,0.007195
4,0.035844,0.13019
7,0.018936,0.068905
3,0.004872,0.010832
0,0,0
0,0,0
0,0,0
0,0,0
0,0,0
1,0.025485,0.025485
0,0,0
0,0,0
0,0,0
0,0,0
2,0.0046497,0.0068703
0,0,0
0,0,0
0,0,0
1,0.0087097,0.0087097
0,0,0
0,0,0
0,0,0
0,0,0
2,0.01385,0.02658
1,0.13623,0.13623
1,0.0057733,0.0057733
0,0,0
0,0,0
0,0,0
18,0.0046863,0.065948
0,0,0
0,0,0
1,0.0060014,0.0060014
0,0,0
0,0,0
0,0,0
0,0,0
1,0.0028909,0.0028909
1,0.070745,0.070745
1,0.064936,0.064936
0,0,0
4,0.0085537,0.022805
3,0.035398,0.068763
0,0,0
0,0,0
0,0,0
1,0.005497,0.005497
3,0.0053782,0.014517
2,0.0043821,0.0082528
2,0.14804,0.27299
1,0.0059422,0.0059422
2,0.029122,0.054075
0,0,0
0,0,0
1,0.04321,0.04321
0,0,0
1,0.0054952,0.0054952
1,0.018829,0.018829
1,0.057886,0.057886
0,0,0
1,0.021372,0.021372
0,0,0
0,0,0
0,0,0
0,0,0
0,0,0
0,0,0
1,0.023152,0.023152
16,0.0037932,0.045513
2,0.0059654,0.0087454
8,0.0088597,0.048381
0,0,0
6,0.0037745,0.01968
5,0.012976,0.043611
0,0,0
0,0,0
1,0.0028621,0.0028621
0,0,0
0,0,0
0,0,0
1,0.016456,0.016456
0,0,0
0,0,0
0,0,0
0,0,0
0,0,0
0,0,0
4,0.012828,0.027945
0,0,0
0,0,0
0,0,0
0,0,0
0,0,0
0,0,0
0,0,0
0,0,0
0,0,0
1,0.0050497,0.0050497
0,0,0
0,0,0
0,0,0
0,0,0
0,0,0
0,0,0
0,0,0
2,0.0028156,0.0050854
0,0,0
2,0.050503,0.064194
4,0.028053,0.10359
1,0.0086811,0.0086811
2,0.0036841,0.0065023
4,0.0052307,0.0175
1,0.24164,0.24164
0,0,0
0,0,0
0,0,0
5,0.011936,0.036173
7,0.022426,0.079695
4,0.066698,0.13226
2,0.016161,0.023646
9,0.0078584,0.034654
3,0.0045636,0.011471
1,0.011647,0.011647
1,0.0040011,0.0040011
0,0,0
5,0.0094305,0.018744
0,0,0
0,0,0
1,0.0069828,0.0069828
0,0,0
1,0.0039502,0.0039502
1,0.0056574,0.0056574
1,0.008266,0.008266
3,0.0053876,0.01448
1,0.0013163,0.0013163
5,0.029024,0.064049
0,0,0
0,0,0
0,0,0
0,0,0
0,0,0
1,0.0059739,0.0059739
0,0,0
0,0,0
0,0,0
2,0.0022669,0.0043901
2,0.0028,0.0048557
0,0,0
2,0.010653,0.015314
0,0,0
0,0,0
1,0.017329,0.017329
2,0.01075,0.01835
4,0.00266,0.01015
1,0.17714,0.17714
1,0.032946,0.032946
3,0.014363,0.040378
0,0,0
1,0.017752,0.017752
0,0,0
0,0,0
0,0,0
1,0.0043464,0.0043464
1,0.0082251,0.0082251
0,0,0
0,0,0
0,0,0
0,0,0
0,0,0
0,0,0
0,0,0
0,0,0
0,0,0
0,0,0
0,0,0
0,0,0
1,0.036058,0.036058
1,0.42213,0.42213
1,0.2834,0.2834
1,0.201,0.201
5,0.0083304,0.022367
1,0.11659,0.11659
1,0.83981,0.83981
0,0,0
1,0.003679,0.003679
0,0,0
0,0,0
0,0,0
0,0,0
0,0,0
0,0,0
0,0,0
1,0.20597,0.20597
0,0,0
2,0.027191,0.037458
0,0,0
11,0.0055672,0.041908
0,0,0
2,0.0060408,0.0094419
3,0.0025312,0.006113
0,0,0
2,0.0066083,0.012102
0,0,0
1,0.001636,0.001636
0,0,0
0,0,0
0,0,0
0,0,0
0,0,0
0,0,0
0,0,0
0,0,0
1,0.0090489,0.0090489
0,0,0
0,0,0
0,0,0
0,0,0
0,0,0
0,0,0
0,0,0
0,0,0
1,0.062133,0.062133
1,0.25259,0.25259
2,0.011464,0.019294
0,0,0
7,0.0037255,0.018626
6,0.0073024,0.029534
2,0.0046449,0.0068367
0,0,0
0,0,0
1,0.0053988,0.0053988
0,0,0
1,0.0025589,0.0025589
3,0.0055786,0.013143
0,0,0
0,0,0
2,0.0085357,0.011853
0,0,0
0,0,0
0,0,0
0,0,0
0,0,0
0,0,0
1,0.004886,0.004886
0,0,0
0,0,0
2,0.01093,0.019499
7,0.0086913,0.039008
4,0.0079175,0.022486
0,0,0
0,0,0
0,0,0
1,0.0034582,0.0034582
0,0,0
0,0,0
1,0.0077947,0.0077947
4,0.0034639,0.0096347
0,0,0
0,0,0
0,0,0
0,0,0
1,0.0043917,0.0043917
0,0,0
0,0,0
0,0,0
0,0,0
0,0,0
0,0,0
0,0,0
7,0.019211,0.047166
0,0,0
0,0,0
2,0.0075237,0.013723
3,0.0049085,0.011377
8,0.016671,0.040513
6,0.0081279,0.035765
0,0,0
0,0,0
0,0,0
0,0,0
13,0.0084443,0.058857
0,0,0
0,0,0
0,0,0
4,0.0087021,0.017839
1,0.049216,0.049216
2,0.0039319,0.0073005
0,0,0
0,0,0
0,0,0
0,0,0
0,0,0
0,0,0
0,0,0
1,0.024625,0.024625
1,0.0042943,0.0042943
1,0.066421,0.066421
1,0.093192,0.093192
0,0,0
0,0,0
0,0,0
1,0.0169,0.0169
1,0.20279,0.20279
0,0,0
1,0.0070436,0.0070436
0,0,0
2,0.0042041,0.0070409
0,0,0
0,0,0
0,0,0
0,0,0
0,0,0
0,0,0
0,0,0
0,0,0
0,0,0
0,0,0
0,0,0
0,0,0
0,0,0
0,0,0
1,0.0027476,0.0027476
0,0,0
6,0.013154,0.062465
1,0.0048165,0.0048165
2,0.038448,0.047096
0,0,0
3,0.0051699,0.012799
0,0,0
5,0.012549,0.042202
3,0.015691,0.027225
0,0,0
0,0,0
0,0,0
0,0,0
0,0,0
1,0.088092,0.088092
0,0,0
0,0,0
0,0,0
0,0,0
0,0,0
0,0,0
0,0,0
0,0,0
4,0.0035598,0.011067
2,0.0026534,0.0051525
0,0,0
2,0.0071095,0.010323
2,0.040583,0.058711
0,0,0
3,0.033044,0.085049
1,0.0061129,0.0061129
0,0,0
3,0.0036152,0.0089367
0,0,0
4,0.013265,0.032847
0,0,0
0,0,0
1,0.014043,0.014043
0,0,0
6,0.0037288,0.015993
0,0,0
0,0,0
0,0,0
0,0,0
0,0,0
0,0,0
0,0,0
0,0,0
0,0,0
8,0.0043002,0.024418
0,0,0
0,0,0
4,0.0037509,0.011377
0,0,0
3,0.0033947,0.0099379
0,0,0
3,0.0035896,0.0086611
1,0.010944,0.010944
0,0,0
0,0,0
2,0.0024213,0.0047576
1,0.0045611,0.0045611
1,0.0069849,0.0069849
3,0.002004,0.0051161
0,0,0
0,0,0
2,0.006019,0.010011
1,0.0050703,0.0050703
0,0,0
0,0,0
0,0,0
0,0,0
0,0,0
0,0,0
0,0,0
1,0.0032927,0.0032927
0,0,0
0,0,0
1,0.0045025,0.0045025
0,0,0
1,0.089697,0.089697
0,0,0
0,0,0
0,0,0
0,0,0
0,0,0
0,0,0
0,0,0
1,0.0017425,0.0017425
0,0,0
0,0,0
0,0,0
0,0,0
0,0,0
0,0,0
1,0.0064499,0.0064499
3,0.005293,0.010473
0,0,0
2,0.0068988,0.011011
1,0.004174,0.004174
1,0.010143,0.010143
0,0,0
0,0,0
0,0,0
0,0,0
0,0,0
1,0.075334,0.075334
0,0,0
0,0,0
0,0,0
2,0.0091859,0.013497
1,0.022074,0.022074
3,0.0059764,0.016437
2,0.0095937,0.015416
1,0.027199,0.027199
1,0.025819,0.025819
1,0.0039279,0.0039279
3,0.011843,0.028417
0,0,0
1,0.086461,0.086461
4,0.009592,0.026012
0,0,0
3,0.014038,0.02757
0,0,0
0,0,0
0,0,0
0,0,0
0,0,0
0,0,0
0,0,0
2,0.0064865,0.011801
0,0,0
0,0,0
0,0,0
1,0.0044418,0.0044418
0,0,0
0,0,0
0,0,0
0,0,0
0,0,0
0,0,0
0,0,0
1,0.0871,0.0871
1,0.018509,0.018509
0,0,0
1,0.0375,0.0375
0,0,0
0,0,0
0,0,0
0,0,0
1,0.013742,0.013742
0,0,0
0,0,0
1,0.0083896,0.0083896
0,0,0
0,0,0
2,0.083261,0.13844
0,0,0
1,0.071426,0.071426
0,0,0
1,0.019116,0.019116
0,0,0
0,0,0
1,0.19009,0.19009
1,0.0025372,0.0025372
0,0,0
2,0.16468,0.23426
8,0.0092785,0.04976
0,0,0
0,0,0
0,0,0
0,0,0
0,0,0
0,0,0
1,0.0021233,0.0021233
0,0,0
0,0,0
0,0,0
0,0,0
0,0,0
0,0,0
5,0.014833,0.031468
0,0,0
6,0.018852,0.058056
8,0.0089126,0.047716
1,0.0056168,0.0056168
0,0,0
3,0.006248,0.013353
0,0,0
0,0,0
0,0,0
5,0.0039183,0.013579
5,0.003828,0.017135
0,0,0
3,0.0029069,0.0079913
0,0,0
0,0,0
0,0,0
0,0,0
0,0,0
0,0,0
0,0,0
0,0,0
0,0,0
2,0.038222,0.076061
0,0,0
1,0.0036004,0.0036004
3,0.044384,0.11838
1,0.062717,0.062717
0,0,0
0,0,0
0,0,0
0,0,0
1,0.012099,0.012099
0,0,0
1,0.0044995,0.0044995
0,0,0
0,0,0
0,0,0
0,0,0
1,0.0099645,0.0099645
1,0.008575,0.008575
0,0,0
3,0.011229,0.027247
0,0,0
0,0,0
1,0.0031143,0.0031143
0,0,0
0,0,0
0,0,0
0,0,0
0,0,0
0,0,0
4,0.015582,0.036151
0,0,0
1,0.13555,0.13555
0,0,0
0,0,0
0,0,0
0,0,0
0,0,0
4,0.0085486,0.021367
1,0.074123,0.074123
3,0.0069049,0.0148
0,0,0
0,0,0
0,0,0
0,0,0
0,0,0
1,0.0036297,0.0036297
1,0.011333,0.011333
5,0.006499,0.028677
1,0.0427,0.0427
0,0,0
2,0.0037286,0.0073949
0,0,0
1,0.00422,0.00422
0,0,0
0,0,0
0,0,0
4,0.022029,0.057573
0,0,0
0,0,0
0,0,0
0,0,0
2,0.0035453,0.0057902
3,0.0066491,0.01901
0,0,0
2,0.004188,0.0066141
0,0,0
7,0.039531,0.11452
0,0,0
0,0,0
1,0.027108,0.027108
0,0,0
0,0,0
1,0.010709,0.010709
0,0,0
0,0,0
4,0.043569,0.067761
1,0.0033173,0.0033173
0,0,0
0,0,0
0,0,0
0,0,0
0,0,0
0,0,0
0,0,0
0,0,0
1,0.0018586,0.0018586
1,0.015401,0.015401
0,0,0
2,0.05741,0.09144
0,0,0
4,0.010012,0.033315
4,0.0055151,0.017855
0,0,0
0,0,0
0,0,0
0,0,0
1,0.0021887,0.0021887
0,0,0
0,0,0
0,0,0
1,0.035687,0.035687
0,0,0
0,0,0
2,0.021107,0.025595
0,0,0
0,0,0
0,0,0
0,0,0
0,0,0
2,0.049669,0.084413
2,0.028557,0.045622
2,0.0053571,0.0078324
0,0,0
0,0,0
1,0.01168,0.01168
1,0.0048808,0.0048808
0,0,0
0,0,0
0,0,0
2,0.022916,0.026567
3,0.0070894,0.01906
0,0,0
5,0.0034987,0.014029
0,0,0
8,0.016928,0.052378
6,0.027912,0.062626
1,0.0053806,0.0053806
2,0.013606,0.017719
0,0,0
0,0,0
2,0.0076378,0.010391
0,0,0
0,0,0
3,0.0085618,0.020392
0,0,0
1,0.0027915,0.0027915
1,0.0088011,0.0088011
0,0,0
2,0.016312,0.017217
0,0,0
0,0,0
0,0,0
0,0,0
0,0,0
0,0,0
0,0,0
0,0,0
0,0,0
0,0,0
0,0,0
0,0,0
0,0,0
0,0,0
0,0,0
0,0,0
1,0.002973,0.002973
1,0.003301,0.003301
1,0.012619,0.012619
0,0,0
1,0.0025447,0.0025447
0,0,0
0,0,0
0,0,0
1,0.0029083,0.0029083
0,0,0
0,0,0
0,0,0
0,0,0
0,0,0
0,0,0
0,0,0
0,0,0
0,0,0
0,0,0
0,0,0
3,0.034204,0.065588
0,0,0
3,0.017776,0.038849
0,0,0
5,0.005997,0.016938
5,0.0061116,0.016299
0,0,0
1,0.003917,0.003917
0,0,0
0,0,0
0,0,0
0,0,0
0,0,0
0,0,0
0,0,0
1,0.086486,0.086486
0,0,0
1,0.032999,0.032999
0,0,0
0,0,0
0,0,0
1,0.0093249,0.0093249
0,0,0
2,0.025375,0.045514
0,0,0
0,0,0
0,0,0
0,0,0
0,0,0
0,0,0
0,0,0
2,0.0058141,0.0091908
4,0.041001,0.083438
0,0,0
0,0,0
0,0,0
0,0,0
0,0,0
0,0,0
0,0,0
0,0,0
1,0.013255,0.013255
0,0,0
0,0,0
1,0.0022385,0.0022385
0,0,0
0,0,0
0,0,0
0,0,0
0,0,0
0,0,0
0,0,0
0,0,0
0,0,0
0,0,0
0,0,0
0,0,0
1,0.010852,0.010852
0,0,0
5,0.008408,0.019678
6,0.014021,0.04458
1,0.0084512,0.0084512
0,0,0
4,0.015903,0.034446
3,0.021776,0.058229
1,0.0027718,0.0027718
2,0.03125,0.034009
0,0,0
0,0,0
0,0,0
0,0,0
0,0,0
1,0.073656,0.073656
0,0,0
0,0,0
4,0.0051924,0.013493
0,0,0
0,0,0
0,0,0
3,0.0052264,0.01244
0,0,0
1,0.0030411,0.0030411
2,0.0036071,0.0066656
4,0.018683,0.038716
0,0,0
0,0,0
0,0,0
0,0,0
0,0,0
1,0.0036824,0.0036824
2,0.0046141,0.0072077
0,0,0
0,0,0
1,0.026655,0.026655
2,0.0073158,0.0084915
1,0.20166,0.20166
1,0.069751,0.069751
0,0,0
0,0,0
1,0.046663,0.046663
2,0.10651,0.19779
1,0.087292,0.087292
0,0,0
3,0.12471,0.15388
0,0,0
0,0,0
0,0,0
0,0,0
0,0,0
0,0,0
0,0,0
0,0,0
0,0,0
8,0.030014,0.14387
0,0,0
0,0,0
2,0.013542,0.017762
0,0,0
0,0,0
0,0,0
1,0.0023916,0.0023916
5,0.0052991,0.021952
1,0.030462,0.030462
0,0,0
1,0.0036442,0.0036442
1,0.0029616,0.0029616
0,0,0
0,0,0
0,0,0
0,0,0
0,0,0
1,0.0038216,0.0038216
1,0.02212,0.02212
1,0.0048054,0.0048054
1,0.0039191,0.0039191
2,0.0041995,0.0075229
0,0,0
1,0.0033259,0.0033259
0,0,0
2,0.046209,0.079136
0,0,0
2,0.0064965,0.010458
0,0,0
0,0,0
0,0,0
0,0,0
1,0.0031103,0.0031103
5,0.0035897,0.014488
7,0.011819,0.031774
2,0.0089781,0.015615
0,0,0
1,0.029853,0.029853
1,0.023377,0.023377
1,0.14423,0.14423
0,0,0
2,0.054268,0.10242
0,0,0
0,0,0
0,0,0
1,0.015352,0.015352
0,0,0
0,0,0
0,0,0
1,0.0076889,0.0076889
0,0,0
1,0.0044476,0.0044476
7,0.02735,0.14003
4,0.086833,0.12796
0,0,0
0,0,0
2,0.031181,0.038319
0,0,0
0,0,0
4,0.02257,0.04159
0,0,0
3,0.0086559,0.019998
1,0.023797,0.023797
5,0.018055,0.043301
5,0.0042361,0.015656
1,0.020214,0.020214
0,0,0
3,0.023839,0.042222
3,0.033049,0.048576
2,0.01451,0.01978
4,0.026061,0.064827
4,0.013631,0.034385
2,0.021597,0.03396
1,0.025491,0.025491
2,0.0035279,0.0061028
0,0,0
0,0,0
0,0,0
0,0,0
0,0,0
1,0.24319,0.24319
0,0,0
4,0.097475,0.11293
5,0.010623,0.036722
0,0,0
0,0,0
0,0,0
0,0,0
5,0.0087994,0.03736
0,0,0
4,0.003478,0.011588
7,0.0333,0.12015
6,0.014949,0.043084
1,0.12333,0.12333
0,0,0
0,0,0
0,0,0
0,0,0
0,0,0
0,0,0
0,0,0
1,0.021008,0.021008
3,0.010065,0.026455
2,0.0095382,0.014037
0,0,0
0,0,0
0,0,0
0,0,0
0,0,0
1,0.0088835,0.0088835
0,0,0
0,0,0
1,0.0054379,0.0054379
1,0.054237,0.054237
2,0.033058,0.042122
5,0.020706,0.054887
9,0.0050207,0.028713
2,0.0052525,0.010179
0,0,0
0,0,0
0,0,0
0,0,0
0,0,0
0,0,0
2,0.023196,0.028621
0,0,0
0,0,0
2,0.11759,0.20208
0,0,0
0,0,0
4,0.022817,0.058931
0,0,0
0,0,0
1,0.0086156,0.0086156
1,0.052211,0.052211
1,0.0086562,0.0086562
0,0,0
0,0,0
0,0,0
0,0,0
4,0.012717,0.027257
0,0,0
5,0.013963,0.034298
2,0.0026633,0.0052776
0,0,0
1,0.038744,0.038744
0,0,0
0,0,0
0,0,0
0,0,0
1,0.0025502,0.0025502
1,0.0098149,0.0098149
0,0,0
0,0,0
0,0,0
3,0.087331,0.17287
0,0,0
0,0,0
4,0.0052387,0.018086
0,0,0
3,0.038906,0.05959
1,0.0038902,0.0038902
0,0,0
2,0.0086357,0.015959
1,0.04308,0.04308
1,0.061872,0.061872
2,0.011398,0.016587
4,0.16103,0.17794
1,0.0068797,0.0068797
1,0.032908,0.032908
1,0.0068582,0.0068582
1,0.0043513,0.0043513
0,0,0
0,0,0
0,0,0
3,0.0063902,0.014681
2,0.41592,0.41785
0,0,0
0,0,0
0,0,0
1,0.041425,0.041425
1,0.010633,0.010633
2,0.03375,0.053043
0,0,0
0,0,0
0,0,0
1,0.099608,0.099608
6,0.0054239,0.020626
0,0,0
1,0.0029503,0.0029503
3,0.0021866,0.0054472
1,0.0025408,0.0025408
2,0.039327,0.052754
4,0.01012,0.017427
2,0.0081423,0.010809
0,0,0
0,0,0
0,0,0
4,0.037996,0.066736
0,0,0
0,0,0
1,0.031005,0.031005
0,0,0
0,0,0
0,0,0
1,0.017965,0.017965
0,0,0
6,0.045515,0.078427
0,0,0
0,0,0
0,0,0
0,0,0
0,0,0
1,0.034461,0.034461
0,0,0
0,0,0
0,0,0
0,0,0
1,0.069816,0.069816
4,0.0055038,0.017597
4,0.0034762,0.010641
0,0,0
0,0,0
4,0.010254,0.035886
2,0.0042834,0.0076801
2,0.0059061,0.010898
0,0,0
4,0.005144,0.01592
0,0,0
0,0,0
1,0.017552,0.017552
4,0.0056643,0.016868
3,0.0096534,0.022835
0,0,0
4,0.0058965,0.016171
2,0.0033254,0.0056225
0,0,0
30,0.0044551,0.099065
5,0.0064595,0.02075
0,0,0
0,0,0
1,0.06016,0.06016
0,0,0
0,0,0
0,0,0
0,0,0
0,0,0
0,0,0
11,0.037777,0.16094
0,0,0
1,0.014379,0.014379
0,0,0
0,0,0
1,0.0049112,0.0049112
0,0,0
0,0,0
0,0,0
0,0,0
0,0,0
0,0,0
0,0,0
0,0,0
0,0,0
0,0,0
1,0.46042,0.46042
0,0,0
0,0,0
5,0.0039833,0.014335
2,0.011954,0.019261
0,0,0
1,0.005629,0.005629
1,0.059607,0.059607
0,0,0
0,0,0
0,0,0
0,0,0
0,0,0
1,1.1278,1.1278
1,0.43689,0.43689
1,0.091668,0.091668
0,0,0
1,0.023453,0.023453
1,0.0033092,0.0033092
0,0,0
0,0,0
2,0.41058,0.41303
2,0.068863,0.12857
0,0,0
1,0.68653,0.68653
3,0.011479,0.01956
4,0.042009,0.13156
1,0.42867,0.42867
0,0,0
0,0,0
0,0,0
1,0.19616,0.19616
0,0,0
0,0,0
0,0,0
0,0,0
0,0,0
4,0.049194,0.090083
0,0,0
1,0.013009,0.013009
0,0,0
0,0,0
1,0.0084036,0.0084036
0,0,0
1,0.0027234,0.0027234
3,0.004867,0.011862
0,0,0
0,0,0
0,0,0
0,0,0
0,0,0
1,0.0043771,0.0043771
0,0,0
0,0,0
0,0,0
3,0.014384,0.031513
0,0,0
0,0,0
0,0,0
0,0,0
0,0,0
0,0,0
0,0,0
1,0.0019645,0.0019645
0,0,0
1,0.0032807,0.0032807
0,0,0
0,0,0
0,0,0
1,0.00393,0.00393
0,0,0
2,0.0026878,0.0044847
0,0,0
0,0,0
0,0,0
0,0,0
0,0,0
0,0,0
0,0,0
0,0,0
0,0,0
1,0.11227,0.11227
0,0,0
0,0,0
0,0,0
0,0,0
2,0.0048541,0.0082298
0,0,0
3,0.036541,0.059047
1,0.17438,0.17438
1,0.014377,0.014377
1,0.082763,0.082763
0,0,0
0,0,0
0,0,0
0,0,0
0,0,0
0,0,0
0,0,0
0,0,0
0,0,0
1,0.003055,0.003055
0,0,0
20,0.0042639,0.045675
3,0.0047609,0.012372
0,0,0
0,0,0
0,0,0
0,0,0
0,0,0
0,0,0
0,0,0
1,0.0029164,0.0029164
0,0,0
1,0.0042306,0.0042306
0,0,0
1,0.0033295,0.0033295
0,0,0
0,0,0
1,0.033148,0.033148
0,0,0
0,0,0
2,0.038876,0.045506
2,0.0060191,0.010296
0,0,0
1,0.0099523,0.0099523
3,0.0085033,0.01651
5,0.028927,0.099584
4,0.0041614,0.013887
0,0,0
0,0,0
1,0.055993,0.055993
1,0.0045248,0.0045248
5,0.0068793,0.019682
0,0,0
0,0,0
1,0.0060057,0.0060057
1,0.0027634,0.0027634
10,0.013032,0.049339
0,0,0
0,0,0
1,0.17355,0.17355
0,0,0
0,0,0
0,0,0
0,0,0
1,0.064066,0.064066
0,0,0
1,0.01454,0.01454
3,0.02576,0.060544
0,0,0
3,0.038379,0.095533
6,0.0043157,0.021299
1,0.0029501,0.0029501
0,0,0
0,0,0
0,0,0
0,0,0
2,0.021723,0.037903
0,0,0
1,0.0031144,0.0031144
0,0,0
0,0,0
0,0,0
0,0,0
1,0.011402,0.011402
0,0,0
0,0,0
0,0,0
0,0,0
1,0.022758,0.022758
0,0,0
0,0,0
0,0,0
0,0,0
0,0,0
0,0,0
1,0.0047991,0.0047991
0,0,0
0,0,0
0,0,0
0,0,0
0,0,0
0,0,0
1,0.17251,0.17251
2,0.012206,0.017177
0,0,0
1,0.0088919,0.0088919
0,0,0
0,0,0
0,0,0
0,0,0
0,0,0
0,0,0
1,0.034136,0.034136
1,0.053544,0.053544
1,0.23411,0.23411
1,0.046092,0.046092
2,0.029474,0.0506
10,0.010542,0.056674
3,0.0090972,0.018999
0,0,0
0,0,0
0,0,0
1,0.014315,0.014315
0,0,0
0,0,0
0,0,0
0,0,0
0,0,0
2,0.038394,0.049109
1,0.087425,0.087425
6,0.029821,0.098064
2,0.073336,0.14483
0,0,0
5,0.019514,0.057458
0,0,0
4,0.022791,0.047282
1,0.0080141,0.0080141
1,0.073891,0.073891
1,0.01131,0.01131
0,0,0
1,0.2443,0.2443
3,0.015444,0.03169
1,0.0044623,0.0044623
1,0.0093168,0.0093168
3,0.042325,0.063973
1,0.10522,0.10522
4,0.014105,0.028431
2,0.014272,0.021825
1,0.0065877,0.0065877
5,0.0060352,0.02179
0,0,0
0,0,0
0,0,0
2,0.016922,0.019392
0,0,0
0,0,0
1,0.0069832,0.0069832
0,0,0
0,0,0
2,0.013056,0.024513
1,0.27663,0.27663
0,0,0
0,0,0
0,0,0
8,0.0068374,0.041361
10,0.084686,0.40514
0,0,0
0,0,0
4,0.0069353,0.016611
0,0,0
0,0,0
8,0.0045275,0.026347
0,0,0
0,0,0
2,0.0080895,0.014134
0,0,0
0,0,0
0,0,0
0,0,0
1,0.0018975,0.0018975
0,0,0
1,0.013741,0.013741
0,0,0
1,0.0039884,0.0039884
1,0.032301,0.032301
1,0.036019,0.036019
3,0.03811,0.059247
1,0.038597,0.038597
9,0.0075854,0.042325
0,0,0
1,0.004438,0.004438
1,0.011689,0.011689
2,0.13864,0.15251
2,0.044298,0.079234
1,0.0038259,0.0038259
0,0,0
0,0,0
0,0,0
0,0,0
1,0.027975,0.027975
0,0,0
0,0,0
0,0,0
1,0.012083,0.012083
1,0.025418,0.025418
9,0.0065063,0.027931
1,0.0020454,0.0020454
0,0,0
0,0,0
0,0,0
0,0,0
2,0.0038456,0.0076455
3,0.012498,0.030031
1,0.019408,0.019408
0,0,0
1,0.0049662,0.0049662
0,0,0
0,0,0
11,0.011212,0.074275
1,0.018105,0.018105
2,0.0070112,0.01393
0,0,0
9,0.007148,0.032533
0,0,0
0,0,0
3,0.010167,0.023609
0,0,0
4,0.018159,0.032424
1,0.0033889,0.0033889
2,0.0053614,0.0086543
1,0.023102,0.023102
2,0.0043668,0.0071653
0,0,0
0,0,0
1,0.056088,0.056088
1,0.07383,0.07383
0,0,0
2,0.0036774,0.0066259
33,0.017191,0.21742
0,0,0
4,0.0093154,0.029169
0,0,0
1,0.010581,0.010581
3,0.0067946,0.011895
0,0,0
2,0.074572,0.083405
0,0,0
14,0.0074793,0.05749
0,0,0
0,0,0
2,0.02029,0.024805
11,0.003563,0.03123
0,0,0
0,0,0
0,0,0
0,0,0
8,0.072944,0.18351
0,0,0
0,0,0
6,0.0087631,0.028089
0,0,0
0,0,0
0,0,0
0,0,0
0,0,0
0,0,0
0,0,0
0,0,0
0,0,0
0,0,0
6,0.0059417,0.024055
0,0,0
0,0,0
1,0.0026964,0.0026964
0,0,0
4,0.0026907,0.0092167
0,0,0
0,0,0
1,0.0036103,0.0036103
0,0,0
0,0,0
2,0.0096345,0.0178
2,0.025273,0.049558
0,0,0
9,0.010267,0.065183
0,0,0
0,0,0
3,0.0044887,0.012616
0,0,0
4,0.012762,0.040734
3,0.021768,0.028223
0,0,0
0,0,0
0,0,0
1,0.008286,0.008286
0,0,0
0,0,0
0,0,0
0,0,0
0,0,0
0,0,0
0,0,0
0,0,0
1,0.0077648,0.0077648
0,0,0
1,0.0025568,0.0025568
0,0,0
0,0,0
0,0,0
0,0,0
1,0.0024286,0.0024286
0,0,0
0,0,0
0,0,0
0,0,0
0,0,0
1,0.0030252,0.0030252
1,0.0062176,0.0062176
3,0.012442,0.022687
2,0.050239,0.05419
1,0.080325,0.080325
2,0.058164,0.079363
0,0,0
6,0.009233,0.034906
8,0.022967,0.13661
1,0.0085339,0.0085339
3,0.0035368,0.0092279
2,0.0029528,0.0054057
0,0,0
1,0.0029667,0.0029667
0,0,0
0,0,0
0,0,0
1,0.014594,0.014594
2,0.028052,0.047143
0,0,0
0,0,0
1,0.01698,0.01698
6,0.02253,0.065861
0,0,0
0,0,0
3,0.0060771,0.017415
0,0,0
0,0,0
0,0,0
1,0.049311,0.049311
0,0,0
0,0,0
0,0,0
0,0,0
0,0,0
0,0,0
0,0,0
0,0,0
0,0,0
0,0,0
0,0,0
2,0.040033,0.067486
1,0.069737,0.069737
1,0.011598,0.011598
3,0.013751,0.03242
0,0,0
6,0.0054815,0.022687
0,0,0
0,0,0
0,0,0
0,0,0
0,0,0
0,0,0
0,0,0
0,0,0
0,0,0
2,0.017032,0.022584
0,0,0
0,0,0
0,0,0
5,0.013153,0.049522
0,0,0
1,0.0011406,0.0011406
0,0,0
0,0,0
4,0.016065,0.045857
1,0.024326,0.024326
0,0,0
3,0.0054215,0.012323
0,0,0
1,0.16801,0.16801
0,0,0
0,0,0
0,0,0
0,0,0
7,0.028608,0.1209
2,0.0099401,0.017044
0,0,0
1,0.024173,0.024173
1,0.14372,0.14372
0,0,0
1,0.41633,0.41633
0,0,0
0,0,0
1,0.022597,0.022597
0,0,0
0,0,0
0,0,0
0,0,0
3,0.012712,0.030396
2,0.0061693,0.010307
0,0,0
1,0.0027612,0.0027612
0,0,0
2,0.012925,0.024383
1,0.011862,0.011862
0,0,0
1,0.0082746,0.0082746
0,0,0
9,0.03397,0.19408
1,0.0052094,0.0052094
12,0.0056097,0.037301
2,0.012646,0.023317
0,0,0
0,0,0
1,0.012005,0.012005
1,0.064939,0.064939
0,0,0
0,0,0
2,0.077436,0.15194
2,0.061303,0.089036
2,0.0042646,0.008047
1,0.26869,0.26869
0,0,0
0,0,0
0,0,0
0,0,0
0,0,0
0,0,0
0,0,0
0,0,0
5,0.0097821,0.026599
3,0.018739,0.037683
0,0,0
1,0.4277,0.4277
1,0.020258,0.020258
1,0.057655,0.057655
0,0,0
0,0,0
0,0,0
0,0,0
0,0,0
0,0,0
1,0.0066907,0.0066907
2,0.013046,0.015992
0,0,0
0,0,0
0,0,0
1,0.0081131,0.0081131
0,0,0
2,0.057247,0.11217
0,0,0
1,0.0079475,0.0079475
1,0.025392,0.025392
2,0.0080744,0.010336
0,0,0
0,0,0
0,0,0
1,0.0079028,0.0079028
0,0,0
0,0,0
0,0,0
5,0.046605,0.081411
0,0,0
2,0.027497,0.049461
0,0,0
0,0,0
1,0.024869,0.024869
0,0,0
2,0.0086949,0.015541
0,0,0
3,0.01455,0.039442
4,0.0051645,0.016842
1,0.0053239,0.0053239
1,0.0044949,0.0044949
0,0,0
2,0.023366,0.044669
0,0,0
5,0.005885,0.020124
1,0.004154,0.004154
0,0,0
0,0,0
0,0,0
0,0,0
7,0.01085,0.035349
3,0.012491,0.020805
7,0.015005,0.059817
0,0,0
0,0,0
0,0,0
0,0,0
1,0.014674,0.014674
4,0.028872,0.092723
1,0.02938,0.02938
2,0.002231,0.0041924
0,0,0
1,0.033599,0.033599
6,0.014833,0.040182
0,0,0
0,0,0
0,0,0
0,0,0
1,0.008094,0.008094
0,0,0
2,0.0085573,0.014446
3,0.0048594,0.0119
1,0.032744,0.032744
0,0,0
0,0,0
1,0.0022101,0.0022101
0,0,0
0,0,0
7,0.016122,0.073824
0,0,0
1,0.0035325,0.0035325
4,0.014259,0.039365
3,0.0037976,0.0097142
1,0.0035505,0.0035505
8,0.0093821,0.033705
2,0.0068178,0.010854
1,0.027556,0.027556
2,0.0073996,0.010299
0,0,0
0,0,0
1,0.0044966,0.0044966
0,0,0
0,0,0
0,0,0
0,0,0
3,0.0068615,0.017331
0,0,0
2,0.0042558,0.0079203
1,0.012442,0.012442
2,0.025757,0.045496
0,0,0
0,0,0
0,0,0
4,0.022813,0.047437
0,0,0
0,0,0
1,0.11102,0.11102
0,0,0
0,0,0
0,0,0
0,0,0
0,0,0
0,0,0
2,0.038877,0.056255
1,0.14211,0.14211
10,0.030827,0.17383
0,0,0
2,0.072429,0.11471
0,0,0
1,0.0062861,0.0062861
2,0.050822,0.076796
2,0.010628,0.020447
0,0,0
2,0.0047115,0.0077016
3,0.0045355,0.0098739
1,0.12198,0.12198
2,0.02576,0.037809
1,0.035261,0.035261
1,0.0075593,0.0075593
5,0.043962,0.073952
0,0,0
2,0.079128,0.15455
1,0.028379,0.028379
1,0.004795,0.004795
5,0.020773,0.043791
0,0,0
0,0,0
0,0,0
0,0,0
1,0.045698,0.045698
0,0,0
0,0,0
0,0,0
4,0.017837,0.056947
0,0,0
0,0,0
0,0,0
0,0,0
0,0,0
0,0,0
1,0.0052902,0.0052902
1,0.0024987,0.0024987
3,0.006169,0.014814
0,0,0
1,0.0048121,0.0048121
4,0.037317,0.095961
3,0.0031805,0.0079227
0,0,0
0,0,0
3,0.013954,0.033722
11,0.0053536,0.045862
0,0,0
0,0,0
0,0,0
0,0,0
1,0.048061,0.048061
0,0,0
1,0.0055854,0.0055854
0,0,0
0,0,0
5,0.016547,0.036419
0,0,0
12,0.014295,0.11763
0,0,0
0,0,0
0,0,0
0,0,0
0,0,0
0,0,0
0,0,0
0,0,0
0,0,0
1,0.0032432,0.0032432
0,0,0
0,0,0
1,0.091618,0.091618
0,0,0
0,0,0
0,0,0
1,0.0027822,0.0027822
0,0,0
0,0,0
0,0,0
0,0,0
0,0,0
0,0,0
0,0,0
1,0.030868,0.030868
0,0,0
1,0.015707,0.015707
3,0.015773,0.037989
0,0,0
0,0,0
12,0.02142,0.18554
4,0.0026986,0.008619
2,0.086,0.13502
0,0,0
2,0.0021734,0.0039766
0,0,0
1,0.019362,0.019362
0,0,0
2,0.0044964,0.0088751
1,0.0033331,0.0033331
0,0,0
0,0,0
0,0,0
1,0.0032773,0.0032773
3,0.0063622,0.015954
0,0,0
0,0,0
7,0.012439,0.048879
2,0.18465,0.35132
2,0.0050245,0.0088119
6,0.0088762,0.040995
3,0.005651,0.01253
2,0.014206,0.026928
0,0,0
0,0,0
2,0.018989,0.031164
2,0.0084443,0.01196
1,0.11036,0.11036
5,0.025934,0.098965
0,0,0
0,0,0
0,0,0
0,0,0
0,0,0
0,0,0
2,0.019436,0.023236
0,0,0
0,0,0
0,0,0
0,0,0
0,0,0
0,0,0
0,0,0
0,0,0
0,0,0
9,0.0033747,0.026288
6,0.0085394,0.042638
1,0.1688,0.1688
0,0,0
0,0,0
0,0,0
0,0,0
0,0,0
0,0,0
0,0,0
4,0.011587,0.027911
0,0,0
0,0,0
2,0.0079768,0.01299
1,0.017306,0.017306
1,0.030331,0.030331
0,0,0
1,0.0074036,0.0074036
0,0,0
0,0,0
2,0.028295,0.053453
6,0.0077504,0.035326
1,0.021343,0.021343
2,0.033986,0.056028
0,0,0
0,0,0
34,0.0076682,0.1474
0,0,0
0,0,0
4,0.017495,0.043041
4,0.0098331,0.030947
0,0,0
0,0,0
0,0,0
0,0,0
0,0,0
7,0.0045779,0.023645
0,0,0
0,0,0
0,0,0
0,0,0
0,0,0
0,0,0
0,0,0
0,0,0
0,0,0
1,0.012244,0.012244
0,0,0
0,0,0
2,0.0057641,0.011412
1,0.0036144,0.0036144
0,0,0
0,0,0
0,0,0
0,0,0
0,0,0
0,0,0
0,0,0
2,0.056256,0.097398
0,0,0
6,0.0036449,0.01829
0,0,0
0,0,0
0,0,0
4,0.016681,0.047017
0,0,0
0,0,0
0,0,0
5,0.019185,0.056949
0,0,0
0,0,0
0,0,0
1,0.0036938,0.0036938
5,0.041818,0.11432
1,0.0018082,0.0018082
0,0,0
2,0.039024,0.067714
4,0.045719,0.1175
0,0,0
3,0.0046754,0.010942
0,0,0
2,0.0019355,0.0038081
7,0.0080826,0.039273
1,0.10648,0.10648
0,0,0
1,0.036849,0.036849
7,0.020587,0.059727
3,0.011746,0.033095
0,0,0
4,0.047356,0.13324
5,0.040187,0.081007
0,0,0
5,0.075239,0.12075
0,0,0
0,0,0
1,0.074559,0.074559
0,0,0
2,0.12569,0.23869
0,0,0
0,0,0
0,0,0
0,0,0
0,0,0
0,0,0
0,0,0
1,0.0030836,0.0030836
0,0,0
0,0,0
0,0,0
0,0,0
0,0,0
1,0.0057547,0.0057547
1,0.0048912,0.0048912
0,0,0
0,0,0
0,0,0
0,0,0
0,0,0
0,0,0
0,0,0
0,0,0
0,0,0
0,0,0
0,0,0
0,0,0
0,0,0
0,0,0
0,0,0
0,0,0
0,0,0
0,0,0
0,0,0
0,0,0
0,0,0
0,0,0
0,0,0
0,0,0
0,0,0
0,0,0
0,0,0
0,0,0
0,0,0
0,0,0
0,0,0
0,0,0
2,0.0029354,0.0047263
3,0.0061473,0.013814
0,0,0
2,0.0033804,0.0056924
10,0.0035312,0.024011
0,0,0
0,0,0
0,0,0
0,0,0
0,0,0
3,0.040376,0.097557
0,0,0
1,0.0026419,0.0026419
0,0,0
0,0,0
0,0,0
0,0,0
0,0,0
0,0,0
0,0,0
0,0,0
0,0,0
0,0,0
0,0,0
0,0,0
2,0.0031649,0.0054203
0,0,0
0,0,0
0,0,0
1,0.0037638,0.0037638
0,0,0
1,0.15426,0.15426
3,0.034967,0.090334
0,0,0
0,0,0
0,0,0
0,0,0
0,0,0
0,0,0
0,0,0
0,0,0
0,0,0
0,0,0
0,0,0
0,0,0
0,0,0
0,0,0
0,0,0
0,0,0
0,0,0
0,0,0
0,0,0
0,0,0
1,0.17322,0.17322
0,0,0
0,0,0
0,0,0
2,0.0029644,0.00588
0,0,0
0,0,0
3,0.031305,0.073916
1,0.005273,0.005273
0,0,0
0,0,0
11,0.01864,0.088448
3,0.013359,0.0326
0,0,0
0,0,0
3,0.010817,0.027558
0,0,0
7,0.009894,0.047593
0,0,0
0,0,0
2,0.0027103,0.0047176
2,0.0035492,0.0059961
0,0,0
0,0,0
0,0,0
0,0,0
0,0,0
0,0,0
0,0,0
0,0,0
0,0,0
1,0.011581,0.011581
6,0.0036163,0.017236
6,0.008512,0.033584
1,0.27339,0.27339
0,0,0
0,0,0
1,0.0049844,0.0049844
0,0,0
0,0,0
0,0,0
2,0.0050838,0.0093341
0,0,0
2,0.010629,0.017156
2,0.0042395,0.0058113
6,0.0066762,0.028039
0,0,0
7,0.005562,0.026584
0,0,0
0,0,0
3,0.043607,0.11626
0,0,0
1,0.23983,0.23983
0,0,0
0,0,0
0,0,0
0,0,0
1,0.004135,0.004135
5,0.010285,0.038273
0,0,0
0,0,0
0,0,0
0,0,0
4,0.0044868,0.013845
0,0,0
0,0,0
0,0,0
7,0.01869,0.097798
3,0.0055114,0.015573
1,0.0036308,0.0036308
0,0,0
0,0,0
0,0,0
0,0,0
0,0,0
0,0,0
2,0.019218,0.026798
0,0,0
1,0.013915,0.013915
0,0,0
2,0.0038632,0.0066967
0,0,0
1,0.0060321,0.0060321
0,0,0
0,0,0
0,0,0
0,0,0
0,0,0
0,0,0
0,0,0
1,0.016925,0.016925
0,0,0
11,0.021731,0.12694
5,0.0059583,0.025678
3,0.0087959,0.02055
3,0.031697,0.053749
0,0,0
0,0,0
0,0,0
0,0,0
0,0,0
0,0,0
0,0,0
1,0.10472,0.10472
0,0,0
1,0.0029425,0.0029425
0,0,0
0,0,0
0,0,0
0,0,0
0,0,0
0,0,0
3,0.0056533,0.011174
0,0,0
0,0,0
0,0,0
0,0,0
0,0,0
0,0,0
1,0.040832,0.040832
0,0,0
0,0,0
2,0.021051,0.037975
0,0,0
0,0,0
1,0.40442,0.40442
0,0,0
1,0.0038196,0.0038196
0,0,0
0,0,0
0,0,0
0,0,0
0,0,0
0,0,0
0,0,0
0,0,0
0,0,0
2,0.010485,0.020462
2,0.0032817,0.0056073
0,0,0
0,0,0
4,0.0059715,0.019798
0,0,0
0,0,0
0,0,0
1,0.0082072,0.0082072
1,0.022415,0.022415
0,0,0
0,0,0
0,0,0
0,0,0
0,0,0
0,0,0
0,0,0
0,0,0
0,0,0
0,0,0
0,0,0
0,0,0
0,0,0
0,0,0
0,0,0
0,0,0
0,0,0
0,0,0
0,0,0
0,0,0
1,0.0062521,0.0062521
0,0,0
0,0,0
3,0.027721,0.081551
1,0.0044016,0.0044016
0,0,0
0,0,0
0,0,0
0,0,0
0,0,0
0,0,0
0,0,0
0,0,0
4,0.0047496,0.015195
0,0,0
0,0,0
0,0,0
1,0.0039893,0.0039893
0,0,0
0,0,0
0,0,0
0,0,0
0,0,0
0,0,0
0,0,0
0,0,0
0,0,0
0,0,0
0,0,0
0,0,0
1,0.019836,0.019836
1,0.0067712,0.0067712
1,0.0057776,0.0057776
0,0,0
0,0,0
0,0,0
0,0,0
0,0,0
0,0,0
0,0,0
0,0,0
0,0,0
0,0,0
0,0,0
0,0,0
0,0,0
0,0,0
0,0,0
0,0,0
0,0,0
0,0,0
0,0,0
0,0,0
0,0,0
0,0,0
0,0,0
0,0,0
0,0,0
0,0,0
0,0,0
0,0,0
0,0,0
0,0,0
0,0,0
0,0,0
0,0,0
0,0,0
0,0,0
0,0,0
0,0,0
0,0,0
0,0,0
1,0.0038729,0.0038729
1,0.046207,0.046207
1,0.016986,0.016986
5,0.0082002,0.024418
2,0.010459,0.020595
1,0.022726,0.022726
0,0,0
0,0,0
0,0,0
1,0.0029041,0.0029041
0,0,0
0,0,0
0,0,0
0,0,0
0,0,0
0,0,0
2,0.0056084,0.0079163
1,0.0036894,0.0036894
0,0,0
0,0,0
0,0,0
1,0.017224,0.017224
3,0.0057314,0.014798
4,0.02152,0.057924
1,0.009685,0.009685
0,0,0
1,0.10328,0.10328
0,0,0
0,0,0
1,0.016142,0.016142
0,0,0
0,0,0
0,0,0
1,0.016435,0.016435
7,0.020398,0.057742
2,0.026249,0.028572
0,0,0
1,0.015608,0.015608
0,0,0
4,0.021691,0.069942
2,0.088433,0.14896
2,0.014149,0.020041
1,0.0020739,0.0020739
1,0.0064242,0.0064242
1,0.0052553,0.0052553
0,0,0
0,0,0
0,0,0
0,0,0
0,0,0
0,0,0
0,0,0
0,0,0
0,0,0
0,0,0
0,0,0
1,0.031688,0.031688
2,0.0071721,0.010587
0,0,0
0,0,0
2,0.016258,0.021971
0,0,0
0,0,0
1,0.0065363,0.0065363
3,0.0046398,0.012277
0,0,0
1,0.015161,0.015161
0,0,0
1,0.013412,0.013412
2,0.029493,0.053775
2,0.0058721,0.0085648
2,0.062266,0.068142
1,0.084768,0.084768
0,0,0
0,0,0
1,0.035831,0.035831
1,0.022319,0.022319
3,0.012709,0.026256
5,0.0082072,0.028323
1,0.0038966,0.0038966
0,0,0
1,0.017035,0.017035
0,0,0
0,0,0
1,0.0022683,0.0022683
3,0.017064,0.021621
0,0,0
0,0,0
0,0,0
0,0,0
0,0,0
1,0.02056,0.02056
0,0,0
2,0.0067645,0.010833
3,0.011326,0.024252
0,0,0
0,0,0
1,0.0052918,0.0052918
1,0.0032603,0.0032603
0,0,0
1,0.018526,0.018526
2,0.012836,0.016368
1,0.0041995,0.0041995
0,0,0
3,0.012301,0.034493
5,0.01464,0.055325
3,0.0043316,0.011661
0,0,0
0,0,0
2,0.0081203,0.015818
16,0.015638,0.090934
0,0,0
0,0,0
0,0,0
1,0.23573,0.23573
0,0,0
3,0.0045804,0.01157
0,0,0
0,0,0
0,0,0
1,0.02072,0.02072
1,0.017626,0.017626
0,0,0
0,0,0
0,0,0
0,0,0
0,0,0
0,0,0
0,0,0
0,0,0
2,0.010399,0.019764
0,0,0
0,0,0
0,0,0
0,0,0
0,0,0
1,0.019042,0.019042
0,0,0
0,0,0
1,0.0030497,0.0030497
0,0,0
1,0.013232,0.013232
4,0.0036071,0.012344
0,0,0
0,0,0
0,0,0
0,0,0
0,0,0
0,0,0
0,0,0
0,0,0
0,0,0
0,0,0
0,0,0
0,0,0
1,0.15496,0.15496
1,0.12091,0.12091
0,0,0
0,0,0
0,0,0
1,0.061859,0.061859
1,0.12748,0.12748
2,0.0042526,0.0075243
1,0.015666,0.015666
0,0,0
0,0,0
0,0,0
1,0.037847,0.037847
2,0.034079,0.042877
0,0,0
0,0,0
0,0,0
0,0,0
0,0,0
0,0,0
0,0,0
6,0.005494,0.024096
6,0.032976,0.060776
2,0.0042688,0.0070145
0,0,0
0,0,0
0,0,0
0,0,0
0,0,0
0,0,0
0,0,0
0,0,0
0,0,0
0,0,0
0,0,0
0,0,0
0,0,0
0,0,0
0,0,0
0,0,0
0,0,0
0,0,0
0,0,0
0,0,0
0,0,0
0,0,0
0,0,0
0,0,0
0,0,0
0,0,0
1,1.1323,1.1323
0,0,0
1,0.47088,0.47088
1,0.062961,0.062961
0,0,0
1,0.08219,0.08219
0,0,0
0,0,0
0,0,0
0,0,0
0,0,0
0,0,0
0,0,0
0,0,0
0,0,0
0,0,0
0,0,0
1,0.01101,0.01101
0,0,0
3,0.013404,0.028249
4,0.02685,0.050792
2,0.0038954,0.0065086
0,0,0
0,0,0
0,0,0
1,0.0017722,0.0017722
1,0.023305,0.023305
0,0,0
0,0,0
0,0,0
0,0,0
0,0,0
0,0,0
0,0,0
0,0,0
0,0,0
0,0,0
0,0,0
0,0,0
0,0,0
0,0,0
0,0,0
0,0,0
0,0,0
0,0,0
0,0,0
0,0,0
0,0,0
0,0,0
0,0,0
0,0,0
0,0,0
0,0,0
0,0,0
0,0,0
0,0,0
0,0,0
0,0,0
0,0,0
0,0,0
0,0,0
0,0,0
0,0,0
0,0,0
1,0.031946,0.031946
0,0,0
0,0,0
1,0.012912,0.012912
10,0.012082,0.079746
0,0,0
2,0.024205,0.043424
0,0,0
0,0,0
0,0,0
0,0,0
0,0,0
0,0,0
0,0,0
0,0,0
0,0,0
0,0,0
0,0,0
0,0,0
0,0,0
0,0,0
0,0,0
0,0,0
0,0,0
0,0,0
0,0,0
0,0,0
0,0,0
0,0,0
0,0,0
0,0,0
0,0,0
0,0,0
0,0,0
1,0.0054471,0.0054471
1,0.0052425,0.0052425
0,0,0
2,0.056622,0.097649
0,0,0
1,0.34646,0.34646
0,0,0
0,0,0
0,0,0
0,0,0
0,0,0
0,0,0
0,0,0
0,0,0
0,0,0
0,0,0
3,0.0079577,0.015872
3,0.013689,0.025022
2,0.1005,0.18958
5,0.012287,0.044483
0,0,0
10,0.0058448,0.039982
3,0.0054349,0.014895
0,0,0
0,0,0
0,0,0
1,0.47207,0.47207
0,0,0
0,0,0
0,0,0
0,0,0
0,0,0
0,0,0
0,0,0
0,0,0
1,0.25773,0.25773
0,0,0
0,0,0
1,0.0030995,0.0030995
0,0,0
0,0,0
0,0,0
0,0,0
0,0,0
0,0,0
0,0,0
0,0,0
0,0,0
0,0,0
0,0,0
0,0,0
0,0,0
0,0,0
0,0,0
0,0,0
3,0.022749,0.046935
0,0,0
0,0,0
0,0,0
0,0,0
1,0.0039681,0.0039681
0,0,0
0,0,0
0,0,0
0,0,0
0,0,0
0,0,0
0,0,0
0,0,0
0,0,0
0,0,0
0,0,0
0,0,0
0,0,0
0,0,0
0,0,0
0,0,0
0,0,0
0,0,0
0,0,0
0,0,0
0,0,0
0,0,0
0,0,0
0,0,0
0,0,0
0,0,0
0,0,0
0,0,0
0,0,0
0,0,0
1,0.0074572,0.0074572
1,0.0050048,0.0050048
1,0.0045801,0.0045801
0,0,0
0,0,0
0,0,0
1,0.11929,0.11929
1,0.24051,0.24051
1,0.44285,0.44285
0,0,0
0,0,0
0,0,0
1,0.015635,0.015635
0,0,0
0,0,0
0,0,0
1,0.0043887,0.0043887
0,0,0
0,0,0
0,0,0
0,0,0
1,0.005546,0.005546
0,0,0
0,0,0
0,0,0
0,0,0
1,0.0033303,0.0033303
0,0,0
0,0,0
0,0,0
0,0,0
1,0.0047493,0.0047493
0,0,0
0,0,0
0,0,0
0,0,0
0,0,0
0,0,0
0,0,0
0,0,0
0,0,0
0,0,0
0,0,0
0,0,0
0,0,0
0,0,0
0,0,0
0,0,0
0,0,0
0,0,0
0,0,0
0,0,0
0,0,0
0,0,0
0,0,0
0,0,0
0,0,0
0,0,0
0,0,0
0,0,0
0,0,0
0,0,0
0,0,0
0,0,0
0,0,0
0,0,0
0,0,0
0,0,0
0,0,0
0,0,0
0,0,0
0,0,0
0,0,0
0,0,0
1,0.14909,0.14909
0,0,0
0,0,0
0,0,0
0,0,0
0,0,0
0,0,0
0,0,0
0,0,0
0,0,0
0,0,0
0,0,0
0,0,0
0,0,0
0,0,0
0,0,0
0,0,0
0,0,0
0,0,0
1,0.0099887,0.0099887
0,0,0
0,0,0
1,0.03345,0.03345
0,0,0
0,0,0
0,0,0
1,0.0074168,0.0074168
4,0.0041118,0.010452
0,0,0
0,0,0
0,0,0
3,0.067933,0.17632
5,0.027571,0.10705
0,0,0
0,0,0
0,0,0
0,0,0
0,0,0
0,0,0
0,0,0
0,0,0
0,0,0
0,0,0
0,0,0
0,0,0
0,0,0
1,0.20205,0.20205
0,0,0
0,0,0
1,0.019235,0.019235
0,0,0
0,0,0
0,0,0
0,0,0
1,0.0072532,0.0072532
0,0,0
0,0,0
0,0,0
0,0,0
0,0,0
0,0,0
0,0,0
0,0,0
0,0,0
0,0,0
0,0,0
0,0,0
0,0,0
0,0,0
0,0,0
0,0,0
0,0,0
0,0,0
0,0,0
0,0,0
0,0,0
0,0,0
0,0,0
0,0,0
0,0,0
0,0,0
0,0,0
1,0.006972,0.006972
0,0,0
0,0,0
0,0,0
0,0,0
0,0,0
0,0,0
0,0,0
0,0,0
0,0,0
0,0,0
0,0,0
1,0.018157,0.018157
0,0,0
0,0,0
0,0,0
0,0,0
0,0,0
0,0,0
0,0,0
0,0,0
0,0,0
0,0,0
0,0,0
0,0,0
0,0,0
0,0,0
0,0,0
0,0,0
0,0,0
0,0,0
0,0,0
0,0,0
0,0,0
0,0,0
0,0,0
0,0,0
0,0,0
0,0,0
0,0,0
0,0,0
0,0,0
0,0,0
0,0,0
0,0,0
0,0,0
0,0,0
0,0,0
0,0,0
0,0,0
0,0,0
0,0,0
0,0,0
0,0,0
0,0,0
0,0,0
0,0,0
0,0,0
0,0,0
0,0,0
0,0,0
0,0,0
0,0,0
0,0,0
0,0,0
0,0,0
0,0,0
0,0,0
0,0,0
0,0,0
0,0,0
0,0,0
0,0,0
0,0,0
0,0,0
0,0,0
0,0,0
1,0.053538,0.053538
0,0,0
1,0.19803,0.19803
2,0.043677,0.073748
0,0,0
1,0.29898,0.29898
2,0.042523,0.068684
2,0.02996,0.059592
2,0.036906,0.073559
2,0.02269,0.035563
1,0.024244,0.024244
2,0.011529,0.021028
1,0.072748,0.072748
0,0,0
1,0.10951,0.10951
0,0,0
0,0,0
0,0,0
0,0,0
0,0,0
0,0,0
0,0,0
0,0,0
0,0,0
0,0,0
0,0,0
0,0,0
0,0,0
0,0,0
0,0,0
0,0,0
0,0,0
0,0,0
2,0.040201,0.049792
0,0,0
0,0,0
0,0,0
0,0,0
0,0,0
0,0,0
0,0,0
0,0,0
0,0,0
0,0,0
0,0,0
0,0,0
0,0,0
5,0.014365,0.058418
0,0,0
0,0,0
1,0.003356,0.003356
0,0,0
0,0,0
0,0,0
0,0,0
0,0,0
0,0,0
0,0,0
0,0,0
0,0,0
0,0,0
0,0,0
0,0,0
0,0,0
0,0,0
0,0,0
0,0,0
1,0.0046483,0.0046483
0,0,0
0,0,0
0,0,0
0,0,0
0,0,0
0,0,0
0,0,0
0,0,0
0,0,0
0,0,0
0,0,0
0,0,0
0,0,0
0,0,0
0,0,0
0,0,0
0,0,0
0,0,0
0,0,0
0,0,0
2,0.011403,0.017839
0,0,0
0,0,0
0,0,0
0,0,0
0,0,0
2,0.14189,0.16814
1,0.03794,0.03794
1,0.08133,0.08133
0,0,0
0,0,0
0,0,0
0,0,0
0,0,0
0,0,0
0,0,0
2,0.0079307,0.012985
0,0,0
0,0,0
0,0,0
0,0,0
0,0,0
0,0,0
1,0.35874,0.35874
3,0.0079359,0.01941
1,0.0069848,0.0069848
0,0,0
0,0,0
0,0,0
0,0,0
0,0,0
0,0,0
0,0,0
0,0,0
0,0,0
0,0,0
1,0.0016947,0.0016947
4,0.0044406,0.015652
0,0,0
0,0,0
0,0,0
0,0,0
2,0.058781,0.070293
1,0.031005,0.031005
1,0.0045264,0.0045264
1,0.14433,0.14433
0,0,0
1,1.2893,1.2893
0,0,0
0,0,0
1,0.0053756,0.0053756
0,0,0
2,0.0036046,0.0068388
0,0,0
1,0.007236,0.007236
0,0,0
1,0.014091,0.014091
0,0,0
0,0,0
3,0.0027237,0.0080129
1,0.33464,0.33464
1,0.26691,0.26691
0,0,0
0,0,0
0,0,0
0,0,0
1,0.0096186,0.0096186
0,0,0
1,0.0062825,0.0062825
1,0.0033635,0.0033635
1,0.0050705,0.0050705
0,0,0
0,0,0
0,0,0
0,0,0
0,0,0
0,0,0
0,0,0
2,0.2731,0.52019
0,0,0
0,0,0
7,0.0051621,0.027753
0,0,0
4,0.015155,0.039522
0,0,0
0,0,0
1,0.0038606,0.0038606
0,0,0
0,0,0
0,0,0
2,0.003569,0.0063777
0,0,0
0,0,0
0,0,0
1,0.33501,0.33501
0,0,0
3,0.0038734,0.0096378
0,0,0
0,0,0
0,0,0
1,0.35643,0.35643
3,0.011505,0.029852
0,0,0
1,0.010034,0.010034
0,0,0
0,0,0
0,0,0
0,0,0
0,0,0
0,0,0
0,0,0
0,0,0
1,0.015769,0.015769
0,0,0
0,0,0
0,0,0
0,0,0
0,0,0
0,0,0
6,0.044076,0.080206
0,0,0
0,0,0
0,0,0
0,0,0
0,0,0
1,0.073606,0.073606
0,0,0
0,0,0
0,0,0
0,0,0
0,0,0
3,0.032216,0.080513
0,0,0
0,0,0
0,0,0
0,0,0
1,0.0029492,0.0029492
0,0,0
0,0,0
0,0,0
0,0,0
0,0,0
2,0.010424,0.018749
2,0.012512,0.022864
2,0.0060639,0.0081553
0,0,0
1,0.007155,0.007155
0,0,0
0,0,0
0,0,0
2,0.0081731,0.012573
4,0.017309,0.030581
0,0,0
2,0.0025645,0.0050978
0,0,0
0,0,0
1,0.37821,0.37821
0,0,0
2,0.10216,0.1583
1,0.0032487,0.0032487
0,0,0
0,0,0
0,0,0
0,0,0
0,0,0
0,0,0
0,0,0
1,0.006026,0.006026
0,0,0
0,0,0
0,0,0
2,0.26963,0.47062
4,0.0053175,0.01235
0,0,0
0,0,0
1,0.002655,0.002655
0,0,0
0,0,0
0,0,0
0,0,0
0,0,0
0,0,0
0,0,0
0,0,0
0,0,0
0,0,0
1,0.0020981,0.0020981
0,0,0
1,0.0027026,0.0027026
0,0,0
0,0,0
0,0,0
0,0,0
0,0,0
0,0,0
1,0.018724,0.018724
0,0,0
0,0,0
1,0.073576,0.073576
0,0,0
0,0,0
0,0,0
0,0,0
0,0,0
0,0,0
0,0,0
0,0,0
0,0,0
0,0,0
0,0,0
2,0.004368,0.0078723
0,0,0
0,0,0
0,0,0
0,0,0
0,0,0
0,0,0
0,0,0
0,0,0
0,0,0
0,0,0
0,0,0
0,0,0
0,0,0
0,0,0
0,0,0
0,0,0
0,0,0
0,0,0
0,0,0
0,0,0
0,0,0
0,0,0
0,0,0
0,0,0
0,0,0
0,0,0
0,0,0
0,0,0
0,0,0
0,0,0
0,0,0
0,0,0
0,0,0
0,0,0
0,0,0
0,0,0
2,0.072362,0.078195
1,1.0322,1.0322
0,0,0
0,0,0
0,0,0
0,0,0
0,0,0
0,0,0
0,0,0
0,0,0
0,0,0
0,0,0
0,0,0
0,0,0
0,0,0
0,0,0
1,0.36808,0.36808
0,0,0
0,0,0
0,0,0
0,0,0
0,0,0
0,0,0
0,0,0
0,0,0
1,0.0073001,0.0073001
1,0.039877,0.039877
0,0,0
2,0.022347,0.035833
0,0,0
0,0,0
4,0.047496,0.11661
6,0.0042318,0.018741
0,0,0
0,0,0
0,0,0
0,0,0
0,0,0
0,0,0
1,0.0044383,0.0044383
4,0.0053728,0.019604
0,0,0
0,0,0
0,0,0
0,0,0
0,0,0
0,0,0
0,0,0
0,0,0
0,0,0
1,0.0048108,0.0048108
0,0,0
0,0,0
0,0,0
1,0.33108,0.33108
0,0,0
0,0,0
0,0,0
0,0,0
1,0.0043102,0.0043102
0,0,0
0,0,0
0,0,0
0,0,0
0,0,0
0,0,0
0,0,0
0,0,0
0,0,0
1,0.0021458,0.0021458
0,0,0
1,0.0040328,0.0040328
1,0.11729,0.11729
1,0.003205,0.003205
1,0.010476,0.010476
1,0.095694,0.095694
2,0.019455,0.035521
0,0,0
1,0.0070063,0.0070063
1,0.056191,0.056191
0,0,0
0,0,0
0,0,0
9,0.013845,0.099147
0,0,0
1,0.013299,0.013299
0,0,0
3,0.007351,0.019577
1,0.014771,0.014771
1,0.0087859,0.0087859
1,0.0035018,0.0035018
2,0.043423,0.075657
0,0,0
7,0.049668,0.14152
0,0,0
2,0.086751,0.16285
0,0,0
0,0,0
0,0,0
4,0.027079,0.064955
2,0.0033835,0.0055875
2,0.012863,0.025089
1,0.0035135,0.0035135
0,0,0
0,0,0
0,0,0
0,0,0
0,0,0
0,0,0
1,0.0030632,0.0030632
0,0,0
0,0,0
0,0,0
0,0,0
1,0.0024988,0.0024988
0,0,0
1,0.0038271,0.0038271
1,0.0019505,0.0019505
0,0,0
0,0,0
0,0,0
0,0,0
10,0.0048642,0.035423
0,0,0
0,0,0
0,0,0
0,0,0
0,0,0
0,0,0
0,0,0
1,0.0017389,0.0017389
0,0,0
0,0,0
3,0.021914,0.040521
0,0,0
0,0,0
2,0.029644,0.034937
0,0,0
0,0,0
2,0.30423,0.50532
0,0,0
0,0,0
4,0.0047262,0.014211
0,0,0
2,0.0033844,0.0062319
10,0.039043,0.13166
1,0.020275,0.020275
0,0,0
0,0,0
0,0,0
3,0.0049288,0.010459
0,0,0
0,0,0
6,0.049138,0.22689
1,0.43607,0.43607
0,0,0
7,0.013371,0.060774
0,0,0
0,0,0
0,0,0
2,0.0046923,0.0088464
0,0,0
10,0.0055375,0.038795
1,0.015998,0.015998
0,0,0
0,0,0
0,0,0
0,0,0
1,0.0035943,0.0035943
0,0,0
2,0.0031078,0.0055556
0,0,0
1,0.033289,0.033289
1,0.15676,0.15676
0,0,0
0,0,0
0,0,0
1,0.021542,0.021542
0,0,0
1,0.49808,0.49808
1,0.14424,0.14424
0,0,0
2,0.04582,0.04778
0,0,0
1,0.0027918,0.0027918
0,0,0
0,0,0
0,0,0
0,0,0
0,0,0
0,0,0
0,0,0
0,0,0
0,0,0
0,0,0
1,0.052691,0.052691
0,0,0
1,0.31454,0.31454
0,0,0
0,0,0
0,0,0
0,0,0
0,0,0
1,0.45899,0.45899
0,0,0
0,0,0
0,0,0
1,0.0077412,0.0077412
0,0,0
0,0,0
0,0,0
0,0,0
0,0,0
2,0.12097,0.20145
0,0,0
0,0,0
0,0,0
1,0.01662,0.01662
0,0,0
0,0,0
0,0,0
0,0,0
0,0,0
0,0,0
0,0,0
0,0,0
0,0,0
0,0,0
0,0,0
1,0.0032967,0.0032967
2,0.033246,0.056913
2,0.0093192,0.015138
0,0,0
2,0.018602,0.033005
1,0.0042697,0.0042697
0,0,0
1,0.17374,0.17374
1,0.0043647,0.0043647
0,0,0
1,0.010652,0.010652
0,0,0
0,0,0
0,0,0
0,0,0
0,0,0
1,0.0030487,0.0030487
0,0,0
0,0,0
0,0,0
2,0.16234,0.30814
1,0.3136,0.3136
2,0.22939,0.31836
0,0,0
0,0,0
5,0.0034607,0.014193
3,0.0096294,0.0227
0,0,0
0,0,0
0,0,0
0,0,0
0,0,0
2,0.083181,0.14316
1,0.083215,0.083215
0,0,0
0,0,0
1,0.073879,0.073879
1,0.022622,0.022622
2,0.072922,0.087082
1,0.015227,0.015227
1,0.2458,0.2458
1,0.035416,0.035416
0,0,0
1,0.018537,0.018537
0,0,0
0,0,0
0,0,0
2,0.042104,0.055948
1,0.012191,0.012191
1,0.022571,0.022571
3,0.02392,0.031981
0,0,0
1,0.054417,0.054417
1,0.083024,0.083024
1,0.0072766,0.0072766
1,0.0084715,0.0084715
0,0,0
1,0.005117,0.005117
2,0.0062904,0.011647
2,0.018483,0.035561
0,0,0
1,0.058343,0.058343
1,0.043183,0.043183
1,0.15362,0.15362
0,0,0
1,0.041757,0.041757
0,0,0
1,0.076235,0.076235
0,0,0
1,0.0534,0.0534
1,0.059042,0.059042
1,0.0081239,0.0081239
2,0.074444,0.089153
1,0.0096976,0.0096976
1,0.011769,0.011769
1,0.092523,0.092523
1,0.057939,0.057939
1,0.028909,0.028909
1,0.033822,0.033822
2,0.02359,0.045236
1,0.011681,0.011681
1,0.0045698,0.0045698
1,0.008714,0.008714
1,0.040204,0.040204
4,0.023743,0.054315
1,0.47548,0.47548
1,0.017335,0.017335
1,0.059714,0.059714
1,0.14883,0.14883
1,0.11443,0.11443
2,0.026435,0.040169
10,0.017576,0.12612
0,0,0
1,0.39544,0.39544
1,0.1136,0.1136
2,0.0091963,0.01679
0,0,0
1,0.007219,0.007219
1,0.054276,0.054276
3,0.015102,0.035149
1,0.022036,0.022036
1,0.050118,0.050118
1,0.061513,0.061513
1,0.019682,0.019682
1,0.095436,0.095436
1,0.020374,0.020374
1,0.22586,0.22586
1,0.019632,0.019632
1,0.050187,0.050187
2,0.049254,0.063543
0,0,0
1,0.0058427,0.0058427
8,0.011313,0.068647
2,0.055556,0.057482
0,0,0
1,0.032502,0.032502
0,0,0
1,0.16821,0.16821
1,0.040897,0.040897
1,0.014572,0.014572
1,0.10925,0.10925
12,0.040904,0.20208
2,0.013944,0.020903
9,0.010129,0.072289
3,0.012093,0.025691
1,0.035284,0.035284
1,0.052711,0.052711
1,0.040788,0.040788
1,0.099348,0.099348
1,0.028282,0.028282
3,0.0083988,0.017216
3,0.061874,0.11548
3,0.020682,0.061306
1,0.0075544,0.0075544
1,0.14403,0.14403
1,0.012823,0.012823
1,0.0075517,0.0075517
2,0.010883,0.01684
0,0,0
1,0.025309,0.025309
1,0.063656,0.063656
2,0.037457,0.074856
1,0.041945,0.041945
2,0.048654,0.077302
1,0.03819,0.03819
1,0.18341,0.18341
1,0.050815,0.050815
1,0.27918,0.27918
2,0.016526,0.030902
5,0.028041,0.082132
1,0.021205,0.021205
1,0.090863,0.090863
2,0.02326,0.026374
0,0,0
0,0,0
1,0.033944,0.033944
1,0.0088627,0.0088627
0,0,0
3,0.09267,0.21372
1,0.075348,0.075348
2,0.027688,0.054019
2,0.12246,0.20099
1,0.048434,0.048434
1,0.025629,0.025629
1,0.19052,0.19052
2,0.017421,0.028516
0,0,0
2,0.13728,0.26577
0,0,0
1,0.075608,0.075608
3,0.017802,0.039952
1,0.052303,0.052303
0,0,0
1,0.22952,0.22952
1,0.18319,0.18319
1,0.10378,0.10378
2,0.17625,0.18263
1,0.58311,0.58311
1,0.21861,0.21861
2,0.17894,0.22155
1,0.11055,0.11055
0,0,0
1,0.18602,0.18602
1,0.25532,0.25532
1,0.21846,0.21846
1,0.27313,0.27313
1,0.41237,0.41237
1,0.13988,0.13988
0,0,0
1,0.47366,0.47366
0,0,0
1,0.57059,0.57059
0,0,0
2,0.08282,0.14292
2,0.072461,0.12672
2,0.16446,0.23839
0,0,0
0,0,0
1,0.13604,0.13604
1,0.20063,0.20063
1,0.47034,0.47034
1,0.53674,0.53674
0,0,0
0,0,0
0,0,0
0,0,0
1,0.93572,0.93572
1,0.17057,0.17057
0,0,0
1,0.32805,0.32805
1,0.111,0.111
1,0.073767,0.073767
1,0.30375,0.30375
1,0.14625,0.14625
1,0.30961,0.30961
0,0,0
1,0.27579,0.27579
1,0.041802,0.041802
1,0.21305,0.21305
1,0.026571,0.026571
1,0.3289,0.3289
1,0.47395,0.47395
1,0.32917,0.32917
1,0.060452,0.060452
0,0,0
1,0.22666,0.22666
0,0,0
1,0.070432,0.070432
0,0,0
1,0.08069,0.08069
0,0,0
0,0,0
1,0.20315,0.20315
1,0.41084,0.41084
1,0.10332,0.10332
1,1.0274,1.0274
2,0.25181,0.38031
1,0.11354,0.11354
2,0.28298,0.35582
1,0.16393,0.16393
1,0.1752,0.1752
1,0.064954,0.064954
1,0.033515,0.033515
1,0.14549,0.14549
2,0.052637,0.089726
1,0.055314,0.055314
1,0.1406,0.1406
1,0.15363,0.15363
0,0,0
2,0.044863,0.054863
1,0.060648,0.060648
1,0.081385,0.081385
1,0.10261,0.10261
0,0,0
1,0.17659,0.17659
1,0.010997,0.010997
1,0.39313,0.39313
0,0,0
1,0.23677,0.23677
1,0.19187,0.19187
1,0.091236,0.091236
1,0.17431,0.17431
1,0.16411,0.16411
2,0.088845,0.14827
1,0.13995,0.13995
4,0.061262,0.073381
1,0.12768,0.12768
0,0,0
1,0.16336,0.16336
1,0.20843,0.20843
1,0.10656,0.10656
1,0.39419,0.39419
1,0.59143,0.59143
2,0.10032,0.19479
1,0.31762,0.31762
0,0,0
1,0.06889,0.06889
1,0.23137,0.23137
1,0.31642,0.31642
1,0.26305,0.26305
1,0.19358,0.19358
1,1.3194,1.3194
1,0.20794,0.20794
1,0.057067,0.057067
1,0.06081,0.06081
1,0.36218,0.36218
1,0.21244,0.21244
2,0.027254,0.03661
1,0.003282,0.003282
2,0.16497,0.32683
1,0.16472,0.16472
1,0.1196,0.1196
1,0.24597,0.24597
1,0.03089,0.03089
1,0.18868,0.18868
1,0.014209,0.014209
1,0.035046,0.035046
1,0.022984,0.022984
1,0.037437,0.037437
1,0.11524,0.11524
1,0.030567,0.030567
0,0,0
0,0,0
0,0,0
1,0.010922,0.010922
1,0.01411,0.01411
2,0.0085633,0.011605
1,0.030923,0.030923
1,0.045872,0.045872
3,0.015067,0.028464
2,0.029474,0.055632
1,0.050426,0.050426
1,0.016604,0.016604
3,0.005259,0.014053
1,0.046453,0.046453
2,0.012422,0.022289
1,0.028447,0.028447
1,0.022552,0.022552
0,0,0
1,0.01742,0.01742
1,0.0041574,0.0041574
1,0.011569,0.011569
1,0.037312,0.037312
1,0.020311,0.020311
6,0.020271,0.059705
0,0,0
1,0.0031892,0.0031892
1,0.82664,0.82664
2,0.053149,0.06247
0,0,0
1,0.044566,0.044566
1,0.017053,0.017053
2,0.063987,0.11113
1,0.0072962,0.0072962
1,0.014131,0.014131
0,0,0
2,0.024553,0.034211
2,0.012069,0.022129
4,0.010835,0.02694
2,0.017306,0.033218
2,0.015894,0.028493
1,0.032935,0.032935
4,0.020566,0.032142
1,0.0095608,0.0095608
0,0,0
1,0.0041895,0.0041895
2,0.037453,0.062477
1,0.023049,0.023049
1,0.022605,0.022605
4,0.021961,0.044087
2,0.016855,0.031895
1,0.0091592,0.0091592
2,0.0059053,0.01124
1,0.038051,0.038051
3,0.011412,0.022793
1,0.022226,0.022226
1,0.068524,0.068524
1,0.0044924,0.0044924
3,0.02663,0.057663
2,0.01489,0.019118
3,0.01368,0.021945
2,0.0060673,0.0094672
2,0.017248,0.034146
1,0.0063556,0.0063556
0,0,0
2,0.033069,0.039207
2,0.021103,0.039909
2,0.043366,0.080287
1,0.021492,0.021492
3,0.0097176,0.026165
1,0.063636,0.063636
0,0,0
4,0.013264,0.034106
2,0.042568,0.051937
1,0.078022,0.078022
2,0.0062642,0.011903
2,0.06022,0.1029
2,0.0058287,0.0099416
5,0.14373,0.20834
1,0.073181,0.073181
6,0.016631,0.061083
2,0.019283,0.033996
2,0.044981,0.085827
3,0.0064278,0.016212
2,0.034593,0.046639
1,0.0092193,0.0092193
1,0.023826,0.023826
2,0.074436,0.13854
3,0.011521,0.025108
0,0,0
4,0.07622,0.17848
6,0.011958,0.043856
3,0.027808,0.038857
0,0,0
1,0.11974,0.11974
0,0,0
1,0.29362,0.29362
0,0,0
0,0,0
1,0.28636,0.28636
1,0.22974,0.22974
1,1.2673,1.2673
1,0.86401,0.86401
0,0,0
0,0,0
0,0,0
0,0,0
0,0,0
0,0,0
1,0.062166,0.062166
1,0.18953,0.18953
1,0.16697,0.16697
0,0,0
0,0,0
0,0,0
1,0.07682,0.07682
1,0.065773,0.065773
2,0.034587,0.062401
0,0,0
1,0.3242,0.3242
1,0.07449,0.07449
0,0,0
0,0,0
0,0,0
0,0,0
0,0,0
0,0,0
0,0,0
0,0,0
0,0,0
1,0.17343,0.17343
1,0.01224,0.01224
1,0.014957,0.014957
1,0.036713,0.036713
1,0.015216,0.015216
0,0,0
0,0,0
2,0.026816,0.051939
1,0.012857,0.012857
0,0,0
0,0,0
2,0.060404,0.11391
1,0.070421,0.070421
0,0,0
0,0,0
0,0,0
1,0.015261,0.015261
0,0,0
0,0,0
0,0,0
2,0.042512,0.046589
2,0.026869,0.04736
0,0,0
0,0,0
1,0.010025,0.010025
1,0.010626,0.010626
0,0,0
0,0,0
0,0,0
0,0,0
2,0.023337,0.033394
0,0,0
1,0.066911,0.066911
1,0.54962,0.54962
1,0.039114,0.039114
3,0.020904,0.026864
0,0,0
0,0,0
0,0,0
1,0.059792,0.059792
0,0,0
0,0,0
0,0,0
1,0.18557,0.18557
1,0.095443,0.095443
0,0,0
0,0,0
1,0.17205,0.17205
0,0,0
0,0,0
0,0,0
0,0,0
0,0,0
0,0,0
0,0,0
0,0,0
0,0,0
0,0,0
1,0.0034695,0.0034695
0,0,0
1,0.011087,0.011087
0,0,0
0,0,0
0,0,0
0,0,0
0,0,0
0,0,0
0,0,0
0,0,0
0,0,0
0,0,0
0,0,0
0,0,0
1,0.020888,0.020888
0,0,0
0,0,0
0,0,0
0,0,0
0,0,0
0,0,0
0,0,0
0,0,0
0,0,0
0,0,0
0,0,0
0,0,0
0,0,0
0,0,0
0,0,0
0,0,0
0,0,0
0,0,0
0,0,0
0,0,0
0,0,0
0,0,0
0,0,0
0,0,0
0,0,0
0,0,0
0,0,0
16,0.0035705,0.038292
0,0,0
0,0,0
1,0.42694,0.42694
0,0,0
0,0,0
0,0,0
0,0,0
0,0,0
0,0,0
0,0,0
0,0,0
0,0,0
0,0,0
0,0,0
1,0.0026635,0.0026635
0,0,0
0,0,0
0,0,0
0,0,0
0,0,0
0,0,0
0,0,0
0,0,0
0,0,0
0,0,0
0,0,0
0,0,0
0,0,0
1,0.020308,0.020308
0,0,0
0,0,0
0,0,0
0,0,0
0,0,0
0,0,0
0,0,0
0,0,0
0,0,0
0,0,0
0,0,0
0,0,0
0,0,0
0,0,0
0,0,0
1,0.0068655,0.0068655
0,0,0
0,0,0
1,0.031051,0.031051
0,0,0
0,0,0
0,0,0
0,0,0
0,0,0
0,0,0
0,0,0
0,0,0
3,0.1034,0.20728
0,0,0
0,0,0
1,0.0037178,0.0037178
0,0,0
3,0.0040154,0.0091404
6,0.0043979,0.019927
1,0.019711,0.019711
2,0.0087968,0.014869
3,0.012134,0.024006
9,0.013518,0.090213
3,0.13827,0.2362
0,0,0
3,0.011851,0.027401
2,0.016986,0.028758
8,0.050203,0.19806
15,0.099921,0.27586
3,0.021083,0.035471
0,0,0
6,0.0079215,0.026675
0,0,0
2,0.091913,0.16135
1,0.11,0.11
3,0.011831,0.025654
1,0.64525,0.64525
15,0.012316,0.087517
1,0.005593,0.005593
0,0,0
0,0,0
7,0.010372,0.047823
1,0.06693,0.06693
4,0.027824,0.0953
1,0.060396,0.060396
1,0.44152,0.44152
0,0,0
1,0.05683,0.05683
0,0,0
0,0,0
1,0.03924,0.03924
1,0.16228,0.16228
0,0,0
1,0.0044836,0.0044836
4,0.016699,0.055329
0,0,0
2,0.0067175,0.011343
4,0.020356,0.04243
2,0.0033603,0.0057559
2,0.0099472,0.015086
1,0.10369,0.10369
2,0.01666,0.032809
3,0.0035678,0.0092977
2,0.0035808,0.0063376
1,0.031528,0.031528
5,0.056297,0.20196
1,0.027135,0.027135
8,0.054291,0.093381
4,0.030905,0.089441
1,0.017905,0.017905
2,0.027044,0.040082
1,0.084286,0.084286
1,0.013169,0.013169
0,0,0
0,0,0
3,0.014149,0.038175
0,0,0
1,0.039804,0.039804
0,0,0
1,0.030627,0.030627
0,0,0
1,0.011242,0.011242
1,0.092705,0.092705
0,0,0
0,0,0
2,0.016805,0.02586
1,0.25697,0.25697
4,0.0070446,0.021291
2,0.0039429,0.0076011
1,0.020548,0.020548
1,0.082835,0.082835
0,0,0
1,0.015273,0.015273
0,0,0
0,0,0
2,0.0078458,0.009734
0,0,0
0,0,0
0,0,0
0,0,0
0,0,0
0,0,0
2,0.077884,0.084324
0,0,0
1,0.0046957,0.0046957
2,0.0047585,0.008499
1,0.010729,0.010729
2,0.0059182,0.0093309
2,0.26182,0.37408
1,0.046288,0.046288
1,0.10008,0.10008
0,0,0
0,0,0
0,0,0
0,0,0
0,0,0
0,0,0
0,0,0
0,0,0
0,0,0
2,0.43023,0.51701
1,0.15032,0.15032
0,0,0
3,0.044114,0.10117
0,0,0
0,0,0
0,0,0
0,0,0
1,0.0076066,0.0076066
0,0,0
0,0,0
0,0,0
0,0,0
0,0,0
0,0,0
1,0.52806,0.52806
0,0,0
0,0,0
0,0,0
0,0,0
0,0,0
0,0,0
0,0,0
0,0,0
0,0,0
0,0,0
0,0,0
0,0,0
0,0,0
0,0,0
0,0,0
0,0,0
0,0,0
0,0,0
0,0,0
0,0,0
0,0,0
0,0,0
0,0,0
0,0,0
0,0,0
0,0,0
0,0,0
0,0,0
0,0,0
0,0,0
0,0,0
0,0,0
0,0,0
0,0,0
1,0.091675,0.091675
0,0,0
0,0,0
0,0,0
0,0,0
1,0.0068752,0.0068752
0,0,0
0,0,0
0,0,0
0,0,0
0,0,0
1,0.006235,0.006235
0,0,0
0,0,0
0,0,0
0,0,0
0,0,0
0,0,0
0,0,0
0,0,0
0,0,0
0,0,0
0,0,0
0,0,0
0,0,0
0,0,0
0,0,0
0,0,0
0,0,0
0,0,0
0,0,0
0,0,0
0,0,0
0,0,0
0,0,0
0,0,0
0,0,0
0,0,0
0,0,0
0,0,0
0,0,0
0,0,0
0,0,0
0,0,0
0,0,0
0,0,0
0,0,0
0,0,0
0,0,0
0,0,0
0,0,0
0,0,0
0,0,0
0,0,0
0,0,0
0,0,0
0,0,0
0,0,0
0,0,0
1,0.0077191,0.0077191
0,0,0
0,0,0
0,0,0
0,0,0
0,0,0
0,0,0
0,0,0
0,0,0
0,0,0
0,0,0
0,0,0
0,0,0
0,0,0
0,0,0
0,0,0
0,0,0
0,0,0
0,0,0
0,0,0
0,0,0
0,0,0
0,0,0
0,0,0
0,0,0
0,0,0
0,0,0
0,0,0
0,0,0
0,0,0
1,0.0045673,0.0045673
0,0,0
0,0,0
0,0,0
1,0.0025865,0.0025865
0,0,0
0,0,0
0,0,0
0,0,0
0,0,0
0,0,0
0,0,0
0,0,0
0,0,0
0,0,0
0,0,0
0,0,0
0,0,0
0,0,0
0,0,0
0,0,0
0,0,0
0,0,0
0,0,0
0,0,0
0,0,0
0,0,0
0,0,0
0,0,0
0,0,0
0,0,0
0,0,0
0,0,0
0,0,0
0,0,0
0,0,0
0,0,0
0,0,0
0,0,0
0,0,0
0,0,0
0,0,0
0,0,0
0,0,0
0,0,0
0,0,0
0,0,0
0,0,0
1,0.0051355,0.0051355
0,0,0
0,0,0
0,0,0
0,0,0
0,0,0
0,0,0
0,0,0
0,0,0
0,0,0
0,0,0
0,0,0
0,0,0
0,0,0
0,0,0
0,0,0
0,0,0
0,0,0
0,0,0
0,0,0
0,0,0
0,0,0
0,0,0
0,0,0
0,0,0
0,0,0
0,0,0
0,0,0
0,0,0
0,0,0
0,0,0
0,0,0
0,0,0
0,0,0
0,0,0
0,0,0
0,0,0
0,0,0
0,0,0
0,0,0
0,0,0
0,0,0
0,0,0
0,0,0
0,0,0
0,0,0
0,0,0
0,0,0
0,0,0
0,0,0
0,0,0
0,0,0
0,0,0
0,0,0
0,0,0
0,0,0
0,0,0
1,0.062892,0.062892
1,0.070446,0.070446
0,0,0
1,0.039116,0.039116
0,0,0
0,0,0
0,0,0
1,0.043289,0.043289
1,0.060926,0.060926
0,0,0
1,0.027752,0.027752
0,0,0
0,0,0
1,0.17787,0.17787
0,0,0
1,0.030953,0.030953
1,0.025669,0.025669
0,0,0
1,0.05016,0.05016
1,0.020621,0.020621
0,0,0
1,0.052608,0.052608
0,0,0
0,0,0
1,0.16892,0.16892
1,0.024037,0.024037
1,0.011768,0.011768
2,0.037723,0.074458
2,0.048839,0.09094
0,0,0
2,0.016376,0.032463
1,0.44187,0.44187
0,0,0
2,0.16016,0.21949
1,0.0094137,0.0094137
0,0,0
2,0.11799,0.20604
1,0.017944,0.017944
0,0,0
2,0.014467,0.026523
2,0.043446,0.077947
0,0,0
0,0,0
0,0,0
0,0,0
0,0,0
0,0,0
0,0,0
1,0.68741,0.68741
1,0.18456,0.18456
1,0.19122,0.19122
1,0.069972,0.069972
0,0,0
0,0,0
1,0.10494,0.10494
0,0,0
0,0,0
0,0,0
1,0.072593,0.072593
2,0.10544,0.11568
1,0.16682,0.16682
0,0,0
0,0,0
1,0.16454,0.16454
1,0.38114,0.38114
2,0.20368,0.22372
0,0,0
2,0.34974,0.38714
4,0.018101,0.049007
0,0,0
1,0.48775,0.48775
0,0,0
1,0.078133,0.078133
1,0.054438,0.054438
0,0,0
1,0.0090714,0.0090714
0,0,0
0,0,0
0,0,0
0,0,0
1,0.24067,0.24067
0,0,0
0,0,0
0,0,0
0,0,0
0,0,0
0,0,0
1,0.0045953,0.0045953
0,0,0
0,0,0
0,0,0
0,0,0
2,0.074267,0.11022
0,0,0
0,0,0
2,0.058314,0.098804
2,0.073196,0.14327
1,0.082393,0.082393
2,0.12579,0.20039
2,0.013086,0.024284
0,0,0
1,0.032058,0.032058
0,0,0
0,0,0
0,0,0
0,0,0
0,0,0
0,0,0
0,0,0
0,0,0
0,0,0
0,0,0
0,0,0
0,0,0
0,0,0
0,0,0
0,0,0
0,0,0
0,0,0
0,0,0
0,0,0
0,0,0
0,0,0
0,0,0
0,0,0
0,0,0
0,0,0
0,0,0
0,0,0
0,0,0
0,0,0
0,0,0
0,0,0
0,0,0
0,0,0
0,0,0
0,0,0
0,0,0
0,0,0
0,0,0
0,0,0
0,0,0
0,0,0
0,0,0
0,0,0
0,0,0
0,0,0
0,0,0
0,0,0
1,0.0080276,0.0080276
0,0,0
0,0,0
0,0,0
0,0,0
0,0,0
0,0,0
0,0,0
0,0,0
0,0,0
0,0,0
0,0,0
0,0,0
0,0,0
0,0,0
0,0,0
0,0,0
0,0,0
1,0.0017527,0.0017527
0,0,0
0,0,0
0,0,0
0,0,0
0,0,0
0,0,0
0,0,0
0,0,0
0,0,0
0,0,0
0,0,0
0,0,0
0,0,0
0,0,0
0,0,0
0,0,0
0,0,0
0,0,0
0,0,0
0,0,0
0,0,0
0,0,0
0,0,0
0,0,0
0,0,0
2,0.027409,0.034717
0,0,0
0,0,0
0,0,0
0,0,0
0,0,0
0,0,0
0,0,0
0,0,0
0,0,0
0,0,0
0,0,0
1,0.00429,0.00429
1,0.06152,0.06152
4,0.040779,0.1278
1,0.010611,0.010611
1,0.0076545,0.0076545
0,0,0
2,0.0016748,0.003341
2,0.0027815,0.0053091
0,0,0
0,0,0
2,0.0078531,0.013372
0,0,0
0,0,0
0,0,0
0,0,0
0,0,0
0,0,0
0,0,0
0,0,0
0,0,0
0,0,0
1,0.029906,0.029906
2,0.019904,0.029107
2,0.015477,0.029501
0,0,0
0,0,0
0,0,0
0,0,0
0,0,0
1,0.0091878,0.0091878
0,0,0
1,0.0018852,0.0018852
0,0,0
0,0,0
1,0.0063795,0.0063795
0,0,0
0,0,0
0,0,0
0,0,0
0,0,0
1,0.36248,0.36248
1,0.27798,0.27798
1,0.31026,0.31026
1,0.11197,0.11197
1,0.21806,0.21806
1,0.049117,0.049117
0,0,0
0,0,0
0,0,0
0,0,0
0,0,0
0,0,0
0,0,0
0,0,0
0,0,0
0,0,0
0,0,0
1,0.036464,0.036464
0,0,0
1,0.054526,0.054526
0,0,0
1,0.019099,0.019099
2,0.0046308,0.0080596
1,0.1428,0.1428
1,0.13775,0.13775
5,0.064649,0.12267
2,0.0063063,0.01007
1,0.054372,0.054372
1,0.059194,0.059194
0,0,0
1,0.053431,0.053431
1,0.021028,0.021028
4,0.0057845,0.01861
0,0,0
0,0,0
1,0.10672,0.10672
1,0.023437,0.023437
1,0.022649,0.022649
3,0.02004,0.056519
5,0.018274,0.047316
1,0.025479,0.025479
0,0,0
3,0.026081,0.052685
0,0,0
0,0,0
0,0,0
0,0,0
0,0,0
1,0.017227,0.017227
1,0.089914,0.089914
1,0.049394,0.049394
0,0,0
1,0.064195,0.064195
1,0.082916,0.082916
1,0.13008,0.13008
1,0.036325,0.036325
1,0.0080409,0.0080409
1,0.1085,0.1085
1,0.089217,0.089217
0,0,0
0,0,0
0,0,0
0,0,0
0,0,0
0,0,0
0,0,0
0,0,0
0,0,0
0,0,0
0,0,0
0,0,0
0,0,0
0,0,0
0,0,0
1,0.0057391,0.0057391
0,0,0
0,0,0
0,0,0
0,0,0
0,0,0
0,0,0
0,0,0
0,0,0
0,0,0
0,0,0
1,0.0046076,0.0046076
0,0,0
0,0,0
0,0,0
0,0,0
1,0.0023847,0.0023847
0,0,0
0,0,0
0,0,0
0,0,0
0,0,0
0,0,0
1,0.006813,0.006813
0,0,0
0,0,0
0,0,0
0,0,0
0,0,0
0,0,0
0,0,0
0,0,0
0,0,0
1,0.0032874,0.0032874
0,0,0
0,0,0
0,0,0
0,0,0
0,0,0
0,0,0
0,0,0
0,0,0
0,0,0
0,0,0
0,0,0
0,0,0
0,0,0
0,0,0
0,0,0
0,0,0
0,0,0
0,0,0
0,0,0
1,0.018315,0.018315
0,0,0
0,0,0
0,0,0
0,0,0
0,0,0
0,0,0
0,0,0
0,0,0
0,0,0
0,0,0
0,0,0
0,0,0
0,0,0
0,0,0
0,0,0
1,0.0070092,0.0070092
0,0,0
0,0,0
1,0.0085675,0.0085675
0,0,0
0,0,0
0,0,0
0,0,0
0,0,0
0,0,0
0,0,0
0,0,0
0,0,0
0,0,0
0,0,0
0,0,0
0,0,0
0,0,0
1,0.020556,0.020556
0,0,0
0,0,0
0,0,0
0,0,0
0,0,0
0,0,0
0,0,0
0,0,0
1,0.0030174,0.0030174
0,0,0
0,0,0
0,0,0
0,0,0
0,0,0
0,0,0
0,0,0
0,0,0
0,0,0
0,0,0
0,0,0
0,0,0
0,0,0
0,0,0
0,0,0
0,0,0
0,0,0
0,0,0
0,0,0
0,0,0
0,0,0
0,0,0
0,0,0
0,0,0
0,0,0
0,0,0
0,0,0
0,0,0
1,0.017281,0.017281
2,0.011447,0.014998
1,0.0045509,0.0045509
0,0,0
0,0,0
0,0,0
0,0,0
0,0,0
0,0,0
0,0,0
0,0,0
0,0,0
0,0,0
0,0,0
0,0,0
0,0,0
0,0,0
0,0,0
0,0,0
0,0,0
0,0,0
0,0,0
0,0,0
6,0.0085818,0.028658
0,0,0
0,0,0
0,0,0
0,0,0
0,0,0
0,0,0
2,0.34116,0.47118
0,0,0
0,0,0
0,0,0
0,0,0
0,0,0
0,0,0
0,0,0
0,0,0
0,0,0
0,0,0
0,0,0
0,0,0
0,0,0
0,0,0
0,0,0
0,0,0
0,0,0
0,0,0
0,0,0
0,0,0
0,0,0
2,0.0065276,0.010464
0,0,0
0,0,0
0,0,0
0,0,0
0,0,0
0,0,0
0,0,0
0,0,0
0,0,0
0,0,0
0,0,0
0,0,0
0,0,0
0,0,0
0,0,0
0,0,0
0,0,0
0,0,0
0,0,0
0,0,0
0,0,0
0,0,0
0,0,0
0,0,0
0,0,0
0,0,0
0,0,0
0,0,0
0,0,0
0,0,0
0,0,0
0,0,0
1,0.017437,0.017437
0,0,0
0,0,0
0,0,0
0,0,0
0,0,0
0,0,0
0,0,0
0,0,0
0,0,0
0,0,0
0,0,0
0,0,0
0,0,0
0,0,0
0,0,0
0,0,0
0,0,0
0,0,0
0,0,0
0,0,0
0,0,0
0,0,0
0,0,0
0,0,0
0,0,0
0,0,0
0,0,0
0,0,0
0,0,0
0,0,0
0,0,0
0,0,0
5,0.0033569,0.013701
0,0,0
0,0,0
0,0,0
1,0.0040969,0.0040969
0,0,0
0,0,0
0,0,0
0,0,0
0,0,0
0,0,0
0,0,0
0,0,0
0,0,0
0,0,0
0,0,0
0,0,0
2,0.0083175,0.011934
0,0,0
0,0,0
0,0,0
0,0,0
0,0,0
0,0,0
0,0,0
0,0,0
0,0,0
0,0,0
0,0,0
0,0,0
0,0,0
0,0,0
0,0,0
0,0,0
0,0,0
0,0,0
0,0,0
0,0,0
0,0,0
0,0,0
0,0,0
0,0,0
0,0,0
0,0,0
0,0,0
0,0,0
0,0,0
0,0,0
0,0,0
0,0,0
0,0,0
0,0,0
0,0,0
0,0,0
0,0,0
0,0,0
0,0,0
0,0,0
0,0,0
0,0,0
1,0.0042149,0.0042149
0,0,0
0,0,0
0,0,0
0,0,0
0,0,0
0,0,0
0,0,0
0,0,0
0,0,0
1,0.0053531,0.0053531
0,0,0
0,0,0
0,0,0
0,0,0
0,0,0
0,0,0
0,0,0
0,0,0
0,0,0
0,0,0
0,0,0
2,0.083067,0.14529
0,0,0
1,0.0093913,0.0093913
2,0.14583,0.23143
0,0,0
0,0,0
0,0,0
2,0.016437,0.030704
0,0,0
0,0,0
2,0.058911,0.080036
0,0,0
0,0,0
0,0,0
0,0,0
0,0,0
1,0.041255,0.041255
1,0.010496,0.010496
1,0.015236,0.015236
0,0,0
0,0,0
1,0.078795,0.078795
0,0,0
0,0,0
0,0,0
1,0.22484,0.22484
2,0.82572,1.3623
0,0,0
0,0,0
1,0.17299,0.17299
1,0.36139,0.36139
0,0,0
0,0,0
0,0,0
1,0.066861,0.066861
0,0,0
1,0.10878,0.10878
1,0.093703,0.093703
1,0.16871,0.16871
0,0,0
0,0,0
1,0.059629,0.059629
1,0.19685,0.19685
1,0.051304,0.051304
2,0.0068476,0.0096512
1,0.13449,0.13449
0,0,0
0,0,0
0,0,0
0,0,0
2,0.079138,0.15166
1,0.17739,0.17739
0,0,0
0,0,0
0,0,0
0,0,0
1,0.13817,0.13817
0,0,0
0,0,0
1,0.28255,0.28255
1,0.27382,0.27382
2,0.050801,0.093884
2,0.013163,0.026324
2,0.052942,0.10042
0,0,0
1,0.21738,0.21738
1,0.034615,0.034615
1,0.013674,0.013674
1,0.013519,0.013519
1,0.067903,0.067903
1,0.076817,0.076817
1,0.059712,0.059712
1,0.071403,0.071403
1,0.29758,0.29758
1,0.033342,0.033342
4,0.054076,0.10324
3,0.13041,0.22609
2,0.09927,0.16981
1,0.37541,0.37541
1,0.030622,0.030622
0,0,0
3,0.038462,0.093717
0,0,0
1,0.046049,0.046049
0,0,0
1,0.15561,0.15561
1,0.08686,0.08686
1,0.10449,0.10449
0,0,0
1,0.27865,0.27865
0,0,0
0,0,0
0,0,0
0,0,0
0,0,0
0,0,0
0,0,0
0,0,0
0,0,0
0,0,0
0,0,0
0,0,0
0,0,0
0,0,0
0,0,0
0,0,0
0,0,0
0,0,0
0,0,0
0,0,0
0,0,0
0,0,0
0,0,0
0,0,0
0,0,0
0,0,0
0,0,0
0,0,0
0,0,0
0,0,0
0,0,0
0,0,0
0,0,0
1,0.10655,0.10655
0,0,0
0,0,0
0,0,0
0,0,0
0,0,0
0,0,0
0,0,0
0,0,0
0,0,0
4,0.0099994,0.025268
0,0,0
0,0,0
0,0,0
0,0,0
0,0,0
0,0,0
0,0,0
0,0,0
0,0,0
0,0,0
0,0,0
0,0,0
0,0,0
0,0,0
0,0,0
0,0,0
0,0,0
0,0,0
0,0,0
0,0,0
0,0,0
0,0,0
0,0,0
0,0,0
0,0,0
0,0,0
0,0,0
0,0,0
0,0,0
0,0,0
0,0,0
0,0,0
0,0,0
0,0,0
0,0,0
2,0.002499,0.0041768
0,0,0
0,0,0
0,0,0
0,0,0
0,0,0
0,0,0
0,0,0
0,0,0
0,0,0
0,0,0
0,0,0
0,0,0
1,0.013706,0.013706
1,0.0053454,0.0053454
7,0.0066701,0.03015
0,0,0
0,0,0
0,0,0
0,0,0
0,0,0
0,0,0
0,0,0
0,0,0
0,0,0
1,0.0026661,0.0026661
0,0,0
0,0,0
0,0,0
0,0,0
0,0,0
0,0,0
0,0,0
0,0,0
3,0.0060019,0.013589
0,0,0
3,0.0035017,0.0094749
0,0,0
1,0.0055858,0.0055858
0,0,0
0,0,0
0,0,0
0,0,0
0,0,0
0,0,0
0,0,0
0,0,0
2,0.016213,0.018267
1,0.0064813,0.0064813
0,0,0
0,0,0
1,0.0029404,0.0029404
2,0.01267,0.017995
0,0,0
0,0,0
1,0.014014,0.014014
0,0,0
1,0.00364,0.00364
1,0.0072624,0.0072624
0,0,0
1,0.05323,0.05323
0,0,0
0,0,0
1,0.020278,0.020278
0,0,0
0,0,0
1,0.0022035,0.0022035
1,0.0083953,0.0083953
0,0,0
0,0,0
0,0,0
0,0,0
0,0,0
1,0.19622,0.19622
0,0,0
0,0,0
1,0.0058236,0.0058236
0,0,0
0,0,0
4,0.017647,0.06363
1,0.0050295,0.0050295
1,0.025555,0.025555
0,0,0
1,0.01508,0.01508
0,0,0
1,0.0078977,0.0078977
0,0,0
0,0,0
0,0,0
2,0.0055107,0.01022
0,0,0
0,0,0
1,0.0066143,0.0066143
0,0,0
0,0,0
0,0,0
1,0.013191,0.013191
0,0,0
0,0,0
0,0,0
0,0,0
0,0,0
0,0,0
0,0,0
0,0,0
0,0,0
0,0,0
0,0,0
0,0,0
1,0.050555,0.050555
0,0,0
0,0,0
0,0,0
0,0,0
0,0,0
0,0,0
0,0,0
0,0,0
0,0,0
0,0,0
0,0,0
0,0,0
0,0,0
0,0,0
0,0,0
0,0,0
0,0,0
0,0,0
0,0,0
0,0,0
0,0,0
0,0,0
0,0,0
0,0,0
0,0,0
0,0,0
0,0,0
0,0,0
0,0,0
0,0,0
0,0,0
0,0,0
0,0,0
0,0,0
1,0.0074829,0.0074829
1,0.02151,0.02151
0,0,0
1,0.0058833,0.0058833
0,0,0
3,0.011835,0.027698
2,0.0038625,0.0074027
1,0.0068807,0.0068807
0,0,0
0,0,0
0,0,0
1,0.007496,0.007496
1,0.040751,0.040751
1,0.0023655,0.0023655
0,0,0
0,0,0
0,0,0
0,0,0
0,0,0
1,0.0075378,0.0075378
1,0.0032493,0.0032493
0,0,0
0,0,0
0,0,0
0,0,0
0,0,0
0,0,0
0,0,0
0,0,0
2,0.006033,0.010324
3,0.029609,0.052889
0,0,0
0,0,0
0,0,0
0,0,0
0,0,0
0,0,0
0,0,0
0,0,0
0,0,0
0,0,0
1,0.013824,0.013824
0,0,0
0,0,0
4,0.011381,0.026528
1,0.1514,0.1514
3,0.0040926,0.011222
0,0,0
0,0,0
1,0.010873,0.010873
1,0.0035881,0.0035881
0,0,0
0,0,0
0,0,0
0,0,0
1,0.0038652,0.0038652
0,0,0
1,0.0040141,0.0040141
0,0,0
0,0,0
2,0.0035845,0.0055147
0,0,0
0,0,0
0,0,0
0,0,0
0,0,0
0,0,0
0,0,0
0,0,0
0,0,0
0,0,0
0,0,0
0,0,0
0,0,0
0,0,0
0,0,0
0,0,0
0,0,0
0,0,0
0,0,0
0,0,0
0,0,0
0,0,0
0,0,0
0,0,0
0,0,0
0,0,0
0,0,0
0,0,0
0,0,0
0,0,0
0,0,0
0,0,0
0,0,0
0,0,0
3,0.083568,0.13987
0,0,0
0,0,0
0,0,0
0,0,0
0,0,0
0,0,0
0,0,0
0,0,0
0,0,0
0,0,0
0,0,0
0,0,0
0,0,0
0,0,0
0,0,0
0,0,0
0,0,0
0,0,0
0,0,0
1,0.0064279,0.0064279
0,0,0
0,0,0
0,0,0
0,0,0
0,0,0
0,0,0
0,0,0
0,0,0
0,0,0
0,0,0
0,0,0
0,0,0
0,0,0
0,0,0
0,0,0
0,0,0
0,0,0
3,0.015738,0.040782
1,0.027656,0.027656
4,0.0041055,0.012442
3,0.004139,0.011838
0,0,0
0,0,0
0,0,0
0,0,0
0,0,0
0,0,0
0,0,0
0,0,0
0,0,0
0,0,0
0,0,0
0,0,0
0,0,0
0,0,0
0,0,0
2,0.0059501,0.010276
0,0,0
1,0.0036275,0.0036275
0,0,0
0,0,0
0,0,0
0,0,0
0,0,0
0,0,0
0,0,0
0,0,0
0,0,0
1,0.0027278,0.0027278
2,0.0018003,0.0035475
8,0.0051818,0.032604
0,0,0
0,0,0
0,0,0
0,0,0
0,0,0
0,0,0
0,0,0
0,0,0
0,0,0
0,0,0
1,0.0032069,0.0032069
0,0,0
0,0,0
0,0,0
0,0,0
0,0,0
0,0,0
2,0.0021543,0.0039745
0,0,0
0,0,0
0,0,0
0,0,0
0,0,0
0,0,0
0,0,0
1,0.0056197,0.0056197
0,0,0
10,0.0063361,0.045474
0,0,0
0,0,0
1,1.0426,1.0426
1,0.56384,0.56384
0,0,0
1,0.20141,0.20141
1,0.22086,0.22086
1,0.29179,0.29179
1,0.17219,0.17219
0,0,0
0,0,0
0,0,0
1,0.12098,0.12098
1,0.0047949,0.0047949
0,0,0
0,0,0
0,0,0
0,0,0
1,0.36143,0.36143
1,0.36715,0.36715
0,0,0
1,0.46443,0.46443
0,0,0
4,0.0082482,0.018451
7,0.061744,0.2217
3,0.015228,0.030752
4,0.0044194,0.011387
0,0,0
2,0.031487,0.054182
1,0.016364,0.016364
14,0.0069938,0.063372
0,0,0
0,0,0
0,0,0
0,0,0
0,0,0
0,0,0
0,0,0
0,0,0
0,0,0
0,0,0
0,0,0
0,0,0
0,0,0
0,0,0
0,0,0
1,0.049419,0.049419
0,0,0
0,0,0
0,0,0
2,0.066057,0.099587
0,0,0
0,0,0
0,0,0
0,0,0
0,0,0
0,0,0
0,0,0
0,0,0
0,0,0
3,0.017533,0.039144
0,0,0
0,0,0
0,0,0
0,0,0
2,0.027175,0.043726
0,0,0
0,0,0
0,0,0
0,0,0
0,0,0
0,0,0
0,0,0
0,0,0
0,0,0
0,0,0
0,0,0
0,0,0
0,0,0
0,0,0
0,0,0
0,0,0
0,0,0
0,0,0
0,0,0
0,0,0
0,0,0
0,0,0
0,0,0
0,0,0
0,0,0
1,0.16654,0.16654
0,0,0
0,0,0
0,0,0
0,0,0
0,0,0
0,0,0
0,0,0
0,0,0
0,0,0
0,0,0
0,0,0
0,0,0
0,0,0
1,0.023691,0.023691
0,0,0
0,0,0
0,0,0
0,0,0
0,0,0
0,0,0
0,0,0
0,0,0
0,0,0
0,0,0
0,0,0
0,0,0
0,0,0
0,0,0
0,0,0
0,0,0
0,0,0
0,0,0
0,0,0
0,0,0
0,0,0
0,0,0
0,0,0
0,0,0
0,0,0
0,0,0
0,0,0
1,0.0049782,0.0049782
0,0,0
0,0,0
0,0,0
0,0,0
0,0,0
0,0,0
0,0,0
0,0,0
0,0,0
0,0,0
0,0,0
0,0,0
0,0,0
0,0,0
0,0,0
0,0,0
0,0,0
0,0,0
0,0,0
0,0,0
0,0,0
0,0,0
0,0,0
0,0,0
0,0,0
0,0,0
0,0,0
1,0.020541,0.020541
1,0.0037947,0.0037947
0,0,0
0,0,0
0,0,0
0,0,0
0,0,0
0,0,0
0,0,0
0,0,0
0,0,0
0,0,0
0,0,0
0,0,0
0,0,0
1,0.0040925,0.0040925
0,0,0
0,0,0
0,0,0
0,0,0
0,0,0
0,0,0
0,0,0
0,0,0
0,0,0
0,0,0
0,0,0
0,0,0
0,0,0
0,0,0
0,0,0
1,0.0048014,0.0048014
0,0,0
0,0,0
0,0,0
0,0,0
0,0,0
0,0,0
0,0,0
0,0,0
0,0,0
0,0,0
0,0,0
0,0,0
0,0,0
0,0,0
0,0,0
0,0,0
0,0,0
0,0,0
0,0,0
0,0,0
0,0,0
0,0,0
0,0,0
0,0,0
0,0,0
1,0.0057519,0.0057519
2,0.0036674,0.0059472
0,0,0
4,0.0039866,0.013136
2,0.013742,0.025385
6,0.014071,0.02972
0,0,0
1,0.25585,0.25585
3,0.037788,0.052808
0,0,0
0,0,0
0,0,0
3,0.0045219,0.01085
0,0,0
0,0,0
1,0.01576,0.01576
1,0.53961,0.53961
0,0,0
1,0.0055898,0.0055898
9,0.0096223,0.031333
2,0.0053472,0.0093947
12,0.0077156,0.053876
5,0.010459,0.029711
0,0,0
0,0,0
1,0.033554,0.033554
1,0.005438,0.005438
2,0.01687,0.021156
0,0,0
3,0.0053724,0.012144
18,0.017296,0.1127
1,0.44258,0.44258
0,0,0
0,0,0
0,0,0
0,0,0
1,0.0031439,0.0031439
5,0.0035528,0.015449
15,0.0064032,0.065401
4,0.12591,0.2776
0,0,0
1,0.013162,0.013162
0,0,0
0,0,0
0,0,0
0,0,0
0,0,0
0,0,0
0,0,0
0,0,0
0,0,0
0,0,0
0,0,0
0,0,0
0,0,0
0,0,0
0,0,0
0,0,0
0,0,0
0,0,0
0,0,0
1,0.0071195,0.0071195
0,0,0
0,0,0
0,0,0
0,0,0
0,0,0
0,0,0
0,0,0
0,0,0
0,0,0
0,0,0
0,0,0
0,0,0
0,0,0
0,0,0
0,0,0
0,0,0
0,0,0
0,0,0
0,0,0
0,0,0
0,0,0
0,0,0
0,0,0
0,0,0
0,0,0
0,0,0
1,0.079027,0.079027
0,0,0
0,0,0
0,0,0
0,0,0
0,0,0
0,0,0
0,0,0
0,0,0
0,0,0
0,0,0
0,0,0
0,0,0
0,0,0
0,0,0
0,0,0
0,0,0
0,0,0
0,0,0
0,0,0
0,0,0
0,0,0
0,0,0
0,0,0
0,0,0
0,0,0
0,0,0
0,0,0
0,0,0
0,0,0
0,0,0
0,0,0
0,0,0
0,0,0
1,0.0082709,0.0082709
0,0,0
0,0,0
0,0,0
0,0,0
0,0,0
0,0,0
0,0,0
0,0,0
0,0,0
0,0,0
0,0,0
0,0,0
0,0,0
0,0,0
0,0,0
0,0,0
0,0,0
0,0,0
0,0,0
0,0,0
0,0,0
0,0,0
0,0,0
0,0,0
0,0,0
0,0,0
0,0,0
0,0,0
0,0,0
0,0,0
0,0,0
0,0,0
0,0,0
0,0,0
0,0,0
0,0,0
0,0,0
0,0,0
0,0,0
0,0,0
0,0,0
0,0,0
0,0,0
0,0,0
0,0,0
0,0,0
0,0,0
0,0,0
0,0,0
0,0,0
0,0,0
0,0,0
0,0,0
0,0,0
0,0,0
0,0,0
0,0,0
0,0,0
0,0,0
0,0,0
0,0,0
0,0,0
0,0,0
0,0,0
0,0,0
0,0,0
0,0,0
0,0,0
0,0,0
0,0,0
0,0,0
0,0,0
0,0,0
0,0,0
0,0,0
0,0,0
0,0,0
0,0,0
0,0,0
0,0,0
0,0,0
0,0,0
0,0,0
0,0,0
0,0,0
0,0,0
0,0,0
0,0,0
0,0,0
0,0,0
0,0,0
0,0,0
0,0,0
0,0,0
0,0,0
0,0,0
0,0,0
0,0,0
0,0,0
1,0.0042572,0.0042572
0,0,0
0,0,0
0,0,0
0,0,0
1,0.0063262,0.0063262
0,0,0
0,0,0
0,0,0
0,0,0
0,0,0
0,0,0
0,0,0
0,0,0
0,0,0
0,0,0
0,0,0
0,0,0
0,0,0
0,0,0
0,0,0
0,0,0
0,0,0
0,0,0
0,0,0
0,0,0
0,0,0
0,0,0
0,0,0
0,0,0
0,0,0
0,0,0
0,0,0
0,0,0
0,0,0
0,0,0
0,0,0
0,0,0
0,0,0
0,0,0
0,0,0
0,0,0
0,0,0
0,0,0
0,0,0
0,0,0
0,0,0
0,0,0
0,0,0
0,0,0
0,0,0
1,0.011733,0.011733
0,0,0
0,0,0
0,0,0
0,0,0
0,0,0
0,0,0
0,0,0
0,0,0
0,0,0
0,0,0
0,0,0
0,0,0
0,0,0
0,0,0
0,0,0
0,0,0
0,0,0
0,0,0
0,0,0
0,0,0
0,0,0
0,0,0
0,0,0
0,0,0
0,0,0
1,0.13734,0.13734
1,0.23869,0.23869
0,0,0
0,0,0
0,0,0
0,0,0
0,0,0
0,0,0
0,0,0
0,0,0
0,0,0
0,0,0
0,0,0
0,0,0
0,0,0
1,0.14463,0.14463
0,0,0
0,0,0
2,0.0037751,0.0067767
0,0,0
0,0,0
0,0,0
1,0.04944,0.04944
0,0,0
0,0,0
0,0,0
0,0,0
0,0,0
0,0,0
0,0,0
0,0,0
0,0,0
0,0,0
0,0,0
0,0,0
0,0,0
0,0,0
0,0,0
0,0,0
0,0,0
0,0,0
0,0,0
1,0.15677,0.15677
0,0,0
0,0,0
0,0,0
0,0,0
0,0,0
0,0,0
0,0,0
0,0,0
0,0,0
0,0,0
0,0,0
0,0,0
0,0,0
1,0.0054338,0.0054338
0,0,0
2,0.0092182,0.016465
0,0,0
0,0,0
0,0,0
0,0,0
0,0,0
0,0,0
0,0,0
0,0,0
0,0,0
0,0,0
0,0,0
0,0,0
0,0,0
0,0,0
0,0,0
