0.23927,0.0070953,0.018114,0.073337,0.36592,0.01984,0.017691,0.0070391,0.026375,0.054037,0.17128
0.074374,0.00010313,0.042339,0.1741,0.23875,0,0.00045834,0.00090523,0.016153,0.0030671,0.44974
0,0.58609,0,0,0,0,0,0,0,7.2689e-05,0.41383
2.4688e-05,8.0798e-05,0.0020783,0.043842,0.37155,2.2444e-06,0.0014274,8.9776e-06,0.16247,0.070508,0.348
0,1.2659e-05,0,0.00032491,0.00057808,0,0.0017385,0,4.2196e-06,0.0033714,0.99397
0.35813,0.012879,0.00041432,0.034006,0.31663,2.8973e-05,0.088832,0,0.001243,0.037648,0.15019
0,0.018489,0.013907,0,4.1169e-05,0,0.0094895,0,3.2935e-05,0.099654,0.85839
0.0013735,0,0,0.00013451,0.0012956,0.00011328,0.0029947,0,0,0.0037629,0.99033
0.0095757,0,0.00021103,0.28521,0.000407,3.7685e-06,3.3916e-05,0.064426,0.64001,5.2759e-05,7.1601e-05
0.1019,0.22184,0.032712,0.15379,0.23906,1.6076e-05,0.034078,0.040364,0.0053133,0.087822,0.083103
0.31365,0,0.00026526,0.17134,0.14012,4.0191e-06,8.0382e-06,0.36256,0,0.012057,0
0.5234,0.012925,0.007802,0.10955,0.0081526,2.1464e-05,0.0020891,0.00045789,0.12001,0.014091,0.2015
0.24048,0.0043174,1.1452e-05,0.00057833,0.0075612,0.68352,0.052167,5.726e-06,0,0.010837,0.00052393
0.74751,4.7305e-05,0.00057857,0.14899,0.032451,0.033073,0.0084857,0.0042538,0.021706,0.0023034,0.0006004
0.00032812,0,0.0028212,0.041902,0.43138,0.00041175,0,1.6084e-05,1.2867e-05,0.17503,0.3481
3.4532e-06,3.1078e-05,0.018651,0.013067,0.95532,0,1.0359e-05,0,0.0095514,0.00018992,0.0031735
0,6.3093e-05,5.7358e-06,0.0098999,0.00017207,1.7207e-05,8.6036e-05,0.40479,0.070573,0.0066105,0.50778
0.13131,0.10914,1.0755e-05,0.051292,0.25128,0.00024735,0.27215,0,0,0.16946,0.015107
0,8.1939e-06,0.3843,0.046734,0,0,0.19408,0.0011676,0.27302,0.04818,0.052515
0.42178,0.0019103,2.5471e-05,0.16339,0.17779,0.001299,0.036102,0.00097298,0.00030055,0.13534,0.061089
0.062132,0.25919,0.020421,0.1427,0.23119,0,0.00028639,0,0.28408,0,0
0.24006,0.0094233,0.0092073,0.08197,0.13276,0.00031951,0.29632,0,0.0025696,0.0048196,0.22255
0.025997,0.013178,0.011201,0.047382,0.19633,0.0026162,0.023859,0.020424,0.64252,0.0096097,0.0068831
0.23768,0.23958,0.00017323,0.00036258,0.0075014,1.2086e-05,0.24222,0,0.00010877,0.0047941,0.26757
0.31116,0,0.0010415,9.6957e-05,0.092068,0,7.1935e-05,0,6.2553e-06,2.1893e-05,0.59554
0.00060225,0.00078006,0.015051,0.049643,0.0035791,0.80911,0.00045312,0.11862,0,0.0021108,5.7358e-05
0.01764,0,0.0002512,0.027437,0.00045093,0.090908,5.7653e-05,0.0051723,0.83231,0.019802,0.0059733
0.00093578,0.020496,0,0.28111,0.27192,0.00074863,0.18003,0,4.2015e-05,0.21421,0.030514
0.57568,0.26339,0.022662,0.017462,0.064334,0.0033841,0.00023256,0.00016439,0.022518,0.0017883,0.028384
0.21443,0.73314,3.5925e-06,0,0.014611,0,0.037742,0,0,0,7.9034e-05
0,0.13443,0.0044183,0.00098668,0.11027,0,0.13446,0,0.00024927,0.010357,0.60483
5.0011e-05,0.021655,0.0002834,0.029282,0.012232,0,0.0098189,0,0.55117,0.0087228,0.36679
0.098139,0.00071695,9.0489e-05,0.34506,0.00027147,0.013441,0.002833,0.44832,0.03639,0.036161,0.018578
0,7.4818e-05,2.8776e-06,0.010947,0.00042877,3.7409e-05,0.00013525,0.41381,0.052784,0.0082588,0.51352
0.92948,2.4676e-05,0.027524,0.04057,0.0022596,0,6.6977e-05,0,5.6402e-05,0,2.1151e-05
0.48892,0,0,0,0.11573,0,0,0,0,0,0.39535
0.20262,0.42327,8.6854e-05,0.00071413,0.20786,0,0.06379,0,2.8951e-05,6.7553e-05,0.10156
0.05166,1.8526e-05,0.00024084,0.89997,0.0013431,0.00029642,0.00081515,0.0010189,0.021425,0.0011301,0.022083
0.14038,0,0,0,0.44908,0,0,0,0,0,0.41053
0.28103,0.012868,0.0059912,0.082173,0.23757,0.069102,0.0043826,0.00093317,0.03789,0.044665,0.2234
0.028388,0.0023587,0.042649,0.40828,0.14372,0.0037247,7.6088e-05,0.059526,0.09945,0.024344,0.18748
0.5914,0.13645,0.061341,0.025039,0.0017437,0.094018,0.024758,0.020049,0.043282,0.0018641,5.1622e-05
0.032592,0.71678,0.00047441,0.015537,0.0066021,0.0011228,0.058795,0.095395,0.012125,0.0028385,0.057743
0.188,0.10105,0.017473,0.0044051,0.038362,0.029578,0.00086772,0.021169,3.4709e-05,0.004463,0.5946
0.25403,1.9539e-05,0.019011,0.27411,0.096083,0.027604,0.23942,0,0.013275,0.07633,0.00011723
1.0642e-05,0.012142,5.3209e-06,0.075871,0.66101,0.0019049,0.037363,8.5134e-05,0.022614,0.086183,0.10281
1.6064e-05,0,0,0.52739,0,0.00016867,0,0.041766,0.43066,0,0
0.33775,0.092085,0.030235,0.0010185,0.32909,0,0.0054868,0,0.0097005,0.0012567,0.19338
0,0,0,0.52015,0,0.060264,0.0007533,0.063277,0.27006,0.085499,0
0.46515,0,0,3.0556e-05,0.024433,0,0,0,2.2917e-05,2.6737e-05,0.51033
0.40336,0.20864,0.001021,0.33433,0.020014,0.00052217,0.029273,0,0.00014808,0.0002494,0.0024472
0.20056,1.8425e-05,0.0068726,0.056538,0.22797,3.0709e-06,3.685e-05,1.2283e-05,0.0043637,0.0048059,0.49882
0,2.8875e-06,0.40098,0,0.00012127,0,8.6624e-06,0,0.085809,4.6199e-05,0.51303
0.0017721,0.041225,0.0067508,0.31439,0.10754,0.0019253,0.029875,0.20512,0.20903,0.032741,0.049633
0.00010359,0.42685,0.00061581,3.1654e-05,0.020466,0,0.0018302,0,4.892e-05,0.00022158,0.54983
0.0044639,0.0037157,1.2754e-05,0.0041536,0.0032098,0.0074824,0.00040388,0.00039538,0.026754,0.026435,0.92297
0.0048413,0.99362,6.9063e-06,3.4532e-06,0.0012777,0,0.00024863,0,0,0,0
0,0.16102,0,0.00023677,9.2398e-05,0.0041175,0.19546,0.037381,2.8875e-06,0.26086,0.34083
0.0015562,0.0073117,3.9452e-05,0.060217,0.074516,0.0092011,0.05998,0.0085216,0.008355,0.4275,0.34281
0.0087609,0.26409,0.0065258,0.046094,0.068117,0.27566,0.0094297,0.031323,0.19691,0.0073876,0.085711
0,0,0.59544,1.2321e-05,1.6428e-05,0,0,0,0,3.6962e-05,0.40449
0.42709,0,0,0,0.20329,0,0,0,0,0,0.36962
2.5975e-06,0.18617,2.5975e-06,0.011642,0.0011325,0,0.032645,0,0.027793,0.11057,0.63004
0.20441,0.0055628,0.063469,0.27591,0.14789,0.023898,0.0096808,0.031396,0.049837,0.024118,0.16383
0.0021326,6.587e-05,1.2351e-05,0.0010745,0.0013874,0.26055,0.00022643,0.73338,0,0.0011733,0
0.00037399,0.02082,0.0042955,0.00043209,0.0037145,0.087736,0.00066447,0.0043899,0.014684,0.010893,0.852
0.025784,0.21093,0.62126,0.03008,0.013618,0.071638,0.0013322,3.4828e-05,0,0.00051661,0.024815
0,0.0051979,0.24465,0.3378,0.038383,0,0,0,0.36629,0,0.0076795
0.28155,7.0502e-06,0.00013395,0.08927,0.4357,0.008989,0.12829,7.4027e-05,0.00053582,0.05545,3.5251e-06
0.51343,0,0,0,0.25818,0,0,0,0,0,0.22839
0.027961,0.083237,0.032982,0.0075966,0.0014561,0.048798,0.7912,7.5314e-05,0.0033992,0.0029171,0.00038159
4.1882e-06,0.0033506,0,1.6753e-05,0.00015078,0.00013821,0.00010471,0,0,0.0044856,0.99175
0.0005323,0.13895,0.55881,0.051347,0.00031224,0.0012579,0.00016058,0.012728,0.0071548,0,0.22874
0.013425,0,0.00058586,0.5158,0.0025439,0,0.00037001,0.00074003,0.20806,0.052303,0.20616
0.00052063,0.030891,0.052493,0.0097263,0.0036523,0.0095725,0.031258,0.034259,0.091939,0.092503,0.64319
5.7358e-06,1.1472e-05,0,0.00068255,0.00087183,0.00073418,0.26598,0,0,0.21208,0.51963
0.33258,0.0019301,0,0.00013497,0.58678,0,0.017281,0,0,0.030031,0.031259
0.14724,0.72489,0,0,0.0097074,0,0.0048672,0,0,6.0671e-05,0.11323
0.1529,0.13662,0.049644,0.18378,0.11912,0.027054,0.028646,0.016476,0.070698,0.14181,0.073252
0.053065,0.0010421,0.00027688,0.0066567,0.0023958,0.32698,0.0080372,0.16978,0.00019228,0.32687,0.1047
0.00057577,0.19728,0.007955,0.053151,0.085687,0.00039559,0.0045356,0.011887,0.050511,0.059931,0.52809
0.00016347,0.53464,0,0.0013565,0.0042875,0.032843,0.13734,0,0,0.00046173,0.28891
0.1828,0.0030134,0.00021221,0.74343,0.012164,0.0014261,0.0018675,0.0053563,0.036416,0.010101,0.0032172
0.48465,0.28962,0.012832,0.021701,0.11776,0,0.062631,0,0.0029109,0.0018144,0.0060764
0.0052021,0.00012593,0.0002325,0.13341,0.002354,0.34222,0.0027318,0.11885,0.00030031,0.39403,0.0005328
0,0,5.7602e-05,0.0023833,0.01638,0,0,0,0.000108,0.021341,0.95973
0,1.4562e-05,1.4562e-05,0.00018639,0.00010776,0,0,0.00021551,0.48783,2.3298e-05,0.51161
0,0.76732,0,0,0.0052,0,0.19555,0,0,0.031935,0
0,0.0013346,3.459e-05,0.0021071,0.0033812,0,0.00048138,0.020354,0.46543,0.00072928,0.50615
2.2969e-05,0,0.0017227,0,0.021338,0,0,0,0,0,0.97692
0.005639,0.013306,0.0014089,0.028733,0.0036142,0.00038938,0.0028142,0.0023752,0.11156,0.0015682,0.82859
0.020128,0.11491,0.03001,0.089038,0.088236,0.051335,0.046879,0.044131,0.062233,0.13839,0.31471
0.055478,0.13802,0.011023,0.0045252,0.0029365,0.0058631,0.69462,0.021844,0.024918,0.040752,1.4756e-05
0,0.4583,0,2.8727e-06,0.0040391,0,0.0059925,0,0,0.00045964,0.5312
0.51713,0.18054,1.7057e-05,0,0.19543,0,0.0074402,0,0,0.0010848,0.09836
0.59539,0,0,0,0.093899,0,0,0,0,0,0.31071
0.012425,0.90118,5.4582e-05,0.011523,0.00093077,0.0077219,0.016059,0.0030049,0,0,0.047102
0.009365,0.058531,0.00088343,0.019129,0.055749,0.19942,0.060301,0.10447,0.093155,0.0014356,0.39756
0.0063393,0.11092,0,0,0.59166,0,0.0245,0,0,0.0055401,0.26105
0,4.3312e-05,0.47081,2.8875e-06,0.0011492,0,0.00019923,0,0.0097278,9.2398e-05,0.51797
0.090585,0.24326,0.020627,0.11312,0.35371,0.014045,0.027238,0.014927,0.011218,0.029596,0.08168
3.4356e-05,0.52955,0,0,6.585e-05,0,0.067367,0,0,0.00025195,0.40273
0.9751,0.01518,7.4943e-06,0,0.0096977,0,1.8736e-05,0,0,0,0
0.20403,9.3228e-05,0.0031189,0.58572,0.026655,0.0073311,0.0039156,0.1417,0.018112,0.0068819,0.0024409
0.45886,0,0.17831,0.075974,0.0001393,0.27185,0.013139,0.0013274,0,0.00039741,0
0.0012801,0.40165,0,0.2548,4.846e-05,9.6919e-05,0.2753,0.06683,0,0,0
0.14402,0.20622,0.00013926,1.7408e-05,0.0056576,0,0.0077221,0,0,9.4003e-05,0.63613
0.47796,0.00013591,0.021398,0.29268,0.026139,0.0011566,0.057143,0,0.035263,0.026252,0.061872
4.7483e-05,0.0018722,0.0029485,0.0013499,0.056722,8.5922e-05,0.097481,0,4.5222e-06,0.64312,0.19637
0.00041379,3.2776e-05,0.00076613,0.49446,0.0083906,0,0,0,0.055625,0.03575,0.40456
0.023858,0.97416,1.0575e-05,0,9.8703e-05,0,0,0,0,0,0.0018754
0,4.6765e-05,0,0,7.2273e-05,0,0.030542,0,0,0.068082,0.90126
0.0030924,0,0.00037731,0.33268,0.65919,0,0,0,0.00034619,0.0018204,0.0024933
0.0005328,0,5.8124e-05,0.1629,0.037315,0.0065874,0.0042915,0.032239,0.041801,0.43036,0.28392
0,0.00083884,0,0.00088481,0.00057742,0.12544,0.00062626,0.1769,0.00012927,0.18124,0.51336
0,0,0,0.26642,0.26062,0,0,0,0,0.05984,0.41313
0,9.4801e-05,0,0.0012611,8.6182e-05,0.15221,0.00029589,0.12624,0.0002844,0.19041,0.52912
0.14977,0.022473,0.001569,0.31842,0.0073743,0.0078634,0.088482,0.14016,0.090485,0.0021043,0.1713
0.0035579,0.0046666,0,7.8604e-05,0.00031441,8.2741e-06,0.0014521,0,0,0.0034379,0.98648
0.56354,0.30648,0,0.0031089,0.00060989,0.0078848,0.11346,0.00046289,0,0.0020048,0.0024521
0,0.0039361,0,0.00041127,4.2893e-05,0.0001312,0.00044407,0,3.0278e-05,0.0043726,0.99063
0.57668,2.5861e-05,0.0005283,0.06251,0.33482,0.00042855,2.2167e-05,0.0006613,0.00050244,0.016969,0.0068532
2.3906e-05,0.29691,0.043608,0.093342,0.00072514,0,0,3.9843e-06,0.56531,1.9921e-05,5.7772e-05
0.00021802,2.8438e-05,0.00023698,0.010257,0.0016683,0,9.4793e-06,0.0037064,0.98362,0.00023224,1.8959e-05
0,0,0.00011713,3.1723e-05,0.0036749,0,0,0,0,0.0015349,0.99464
0,0,1.7325e-05,0.00043312,0.016935,0,0,0,0.0094939,0.014414,0.95871
0,0,0,0,0,0,0.99415,0,0,0.005851,0
0.010064,5.2694e-05,0.0003952,0.56745,0.0096693,0.024318,0.0027752,0.13043,0.18698,0.028305,0.039564
0,0.00022889,0,0.0029987,0.00063452,0.05106,0.057538,2.8973e-06,5.7947e-06,0.35896,0.52857
0.0016371,0.018821,0,0.00034061,0.022249,0,0.019074,0,0,0.0010877,0.93679
0.00078094,0.11235,9.297e-06,0.0026589,6.5079e-05,0.73796,0.14205,0.0012086,0.00086462,0.0020453,9.297e-06
0.0010949,0,0.00087769,7.6911e-05,0.2457,0,4.5242e-06,0,0,0.0080214,0.74422
6.9919e-06,0.94146,0.0025765,3.496e-06,0.0024856,0,0.00014333,0,3.496e-06,8.0407e-05,0.053244
0,6.9063e-05,0.47405,0,0.00018129,0,2.8776e-06,0,0.0021669,2.3021e-05,0.52351
0.66772,0.0042332,0.00017519,8.4226e-05,0.20372,1.6845e-06,0.00038407,0,0,0.00011455,0.12357
0,0,0,0,0,0,0,0,0.59684,0,0.40316
0.536,0.27523,0.010953,0.16931,0.0020396,5.6168e-05,0.00049849,0,0.0058309,9.1272e-05,0
0,0,0,0.11756,0.44714,0,0,0,0,0.021163,0.41414
0.62403,0,0,0,0.15711,0,0,0,0,0,0.21886
0.039272,0.028904,0.031433,0.01866,0.0083835,0.024672,0.0014253,0.0091327,0.058684,0.011892,0.76754
0.00015003,0.00011669,0,0.016525,2.5006e-05,0,0.0061556,0.023209,0.59241,0.0022755,0.35913
0.57294,0.029057,0.08243,0.15789,0.12132,0,2.172e-05,0,0.03462,0,0.0017224
0.36702,0.21907,0.009055,0.11003,0.015086,0.027133,0.0020932,0.011028,0.020212,0.0051684,0.2141
0.0016356,0,2.8201e-05,0.71888,0.0001034,0.0087892,9.4003e-06,0.23338,0.036219,8.4602e-05,0.00087422
0.39608,0.0098366,0.0034591,0.10153,0.018621,3.4104e-05,0.0027283,0.0015298,0.29706,0.0033227,0.1658
0.020529,0.2285,0.11542,0.013323,0.006701,0.14162,0.12282,0.1715,0.1713,0.0082809,0
0.74877,0.022439,0.091959,0.013824,0.089463,0,0.0021384,0,0,6.4923e-05,0.031341
0.0019965,0.0076077,3.9148e-05,0.00034798,0.0014746,0,0.0035494,0,0,0.0035233,0.98146
0.005739,0,8.7219e-06,0.99254,0,0.00061925,0.00012211,0.00069775,0.00027038,0,0
0,0,0.00071484,0.0028353,0,0.0021284,0.055187,0.81682,0.042722,0.079596,0
0.75742,0.2383,0,0,0.0041757,0,0.00010004,0,0,0,0
0,1.2675e-05,3.1686e-06,0.00033587,0.00025349,0.0021578,0.0056845,3.1686e-06,2.5349e-05,0.0067967,0.98473
0.007445,0.0035321,0,0.0054674,5.2876e-05,0.38728,0.0018542,0.58339,0.005619,0.0029717,0.002383
0.0085845,0.074235,0.42427,0.010162,0.0090984,0.090481,0.16874,0.042472,0.095192,0.071617,0.0051443
0.31387,0,0.0013432,0.0029175,0.24767,0,9.158e-05,0,5.2331e-05,0.004422,0.42963
0.30454,0.022061,0.0092465,0.052573,0.16238,0.020944,0.0028875,0.0089246,0.079177,0.017307,0.31996
0.017315,0.0017622,0.97338,0,0.0055013,0,0,0,0,0,0.0020427
0.24374,0.01248,0.0065061,0.08508,0.34076,0.0083182,0.080063,0.0004678,0.0038499,0.12515,0.093581
0.049885,0.17086,0.71326,0.029535,0.001506,0.028255,0.00038937,0.0062586,2.863e-06,4.2945e-05,0
2.903e-05,0.046092,0.019965,0.12617,0.18035,0,0.0058309,0,0.528,0.0042591,0.089314
0.0049426,0.95496,0.0011158,0,0.0078657,0,0.030936,0,0,0,0.00018073
0.14911,0.35045,4.598e-06,0.0014254,0.00035404,1.8392e-05,0.00069429,0.12563,0.37227,0,5.0578e-05
0,0,0,0,0,0,0.056396,0,0,0.68071,0.26289
0.0010024,0.56652,8.8443e-05,0.0010687,0.0032577,0.026725,0.0056751,0.39067,6.6333e-05,0.0046728,0.00025796
0.58674,0.079835,0.068403,0.059073,0.0029833,0.14508,0.027766,0.0031407,0.025083,0.0014888,0.00040369
9.1928e-05,0.20261,0.45012,0.03368,0.0007268,0,0.089314,0,0.18308,0.01686,0.023519
0.00067184,0,1.8662e-05,0.10771,0.00043856,0.00076515,0,0.0028367,0.88739,0.00016796,0
0.00049024,0,0,0.84656,0.00010802,0.11386,0.013727,0,0.00034067,0.024229,0.00068135
0,0,0,0.01741,1.8001e-05,0.011769,0,0.964,0,0.0067466,5.7602e-05
0.87835,0,1.3869e-05,6.9346e-06,0.12163,0,0,0,0,0,0
0,0,0,0.024389,1.0777e-05,0,0,0.015566,0.95825,7.9034e-05,0.0017064
0.51627,0.060934,0.073888,0.010023,0.0035275,0.18718,0.014879,0.091672,0.040033,0.00086323,0.00073131
0.0056771,0.019793,0.0017958,0.0032088,0.016123,0.035894,0.007709,0.01418,0.024279,0.001388,0.86995
0.15601,0.00010016,0.048025,0.085965,0.34794,0.017539,0.0012735,0.018459,0.11113,0.027534,0.18601
0.020469,0.040727,0.0025916,0.0092063,0.037004,0.074225,0.029161,0.027619,0.088094,0.0021347,0.66877
0.00050347,0,8.9223e-05,0.02062,0.044828,0,0,0,0.0014817,0.0088426,0.92363
6.6747e-06,0.24305,0.00027366,0.00549,0.69544,0,0.00088774,3.0036e-05,0.0055968,5.0061e-05,0.049166
4.6042e-05,0,3.4532e-05,0.091029,0.034904,0.49386,0.0098338,0.00012278,0.00040287,0.028182,0.34158
0.19985,0.00026381,0.1015,0.056838,0.034828,4.5485e-06,0.0016284,0.45237,0.071894,0.0028019,0.078025
0.05697,0.39642,0,0,0.25936,0,0.023953,0,0,0.0038357,0.25946
0,5.7358e-05,0,0,0,0,0.99994,0,0,0,0
0.00070741,0,0.00042062,0.01237,0.20961,0,0,0,4.7798e-05,0.10479,0.67205
0.01371,0.0065527,0.0070375,0.44242,0.090395,0.025635,0.009016,0.065791,0.19032,0.094903,0.054226
0,0,0,0.012221,0.00010416,5.6305e-06,6.7566e-05,0.098711,0.018147,0.016725,0.85402
0,5.8146e-06,6.3961e-05,0.00015409,0.99978,0,0,0,0,0,0
0,0.00061155,0,0,0.0009696,0,3.1686e-06,0,0,9.5059e-06,0.99841
0.031837,0.0016406,0.06656,0.0086064,0.30766,0.0055727,7.613e-06,0.0014617,0.00095923,0.002025,0.57367
0.067213,0.2885,0.29237,0.1359,0.0030935,0.20503,0.0011777,0,0,0.00057177,0.0061401
0,0.030409,0,0.00022855,0,0.043721,0.28435,0.034114,0,0.30246,0.30472
0.023779,0.73644,0.20847,9.4003e-05,0.0006544,0.00078094,0.019151,0.010438,0,0.00018801,0
0,0,0.0027851,0.00036905,0,0,0,0.00020172,0.99664,0,0
0.44485,0.011868,0.00010932,0.1232,0.11873,0.0005656,0.10768,5.7035e-05,0.00052758,0.17125,0.02116
0.4561,0,0.0010859,0.079308,0.14271,0.096375,0.0015896,0.19505,0,0.0054163,0.022365
0.047273,0.066948,0.024914,0.011879,0.0032948,0.0044509,0.7971,2.481e-05,0.041299,0.0027936,1.9848e-05
0.023871,0.062767,0.028077,0.021993,0.21961,0.055153,0.096002,0.14096,0.11986,0.0013371,0.23037
0.36913,0.049799,0.00017722,0.00053167,0.38386,0.0049707,0.074193,0,0,2.1098e-05,0.11731
0,0.19299,0,0,0,0,0.80701,0,0,0,0
0.96149,0,0.00022943,0.0046488,0.032628,2.8679e-06,0.0010038,0,0,0,0
0.12334,0.00016277,6.0565e-05,0.012851,0.041211,0.0001022,0.058143,0,0,0.073799,0.69033
0,0,0,0.0028534,0.22136,0,0,0,0,0.0074861,0.7683
2.8679e-06,5.7358e-06,0,5.7358e-06,0.00018641,0,0.34761,0,0,0.1311,0.52109
0.5505,0.07395,0.079328,0.0053692,0.0063057,0.12238,0.026133,0.11254,0.0051911,0.01703,0.0012669
0.10865,0.24817,0.009148,0.2086,0.061023,0.061088,0.23822,0.020698,0.010684,0.033725,0
0.067976,0.099357,0.0030191,0.011238,0.00084839,0.024329,0.77031,0,0.011072,0.011849,0
0.094027,0.053811,0.014505,0.0027889,0.0019724,0.19058,0.61908,0.0048548,0.0066501,0.011687,4.4269e-05
0,0,0,0.0012206,0.0067165,0,0.00014208,0,0,0.0061805,0.98574
0.99739,0.00029567,0,0.00036759,0.001814,0,0.00013185,0,0,0,0
0.55559,0.16201,0.0095706,0.0073851,0.092869,0.00071383,0.10574,0,0.024191,0.0011721,0.040759
0.041268,0.00015863,0.0041455,0.73222,0.0059257,0.0044698,0.00043006,0.031194,0.1782,0.0010152,0.00097998
0.36714,0.02886,0.00016517,0.047208,0.076935,0.00028996,0.10612,2.2022e-05,0.00029363,0.005223,0.36774
0,2.8679e-06,0,0,8.6036e-06,0.30573,0.00061086,0,0,0.4845,0.20915
0.57057,0.001253,0.14934,0.028225,0.046371,0,0.00084145,0,0.0918,0.0062286,0.10536
0.51735,0.0087757,2.3899e-05,0.011008,0.14387,0.16024,0.0091246,0.00042062,1.4339e-05,0.0039194,0.14525
0,7.7145e-06,0.000108,0.00022372,0.00094117,1.5429e-05,0.00013886,0.0096431,0.065596,0.0024918,0.92083
0.16768,0.14822,0.080768,0.11107,0.14122,0.095735,0.0011942,0.018568,0.031289,0.0012163,0.20305
0.41056,0.0084602,5.6807e-05,0.19859,0.19192,0.0001055,0.093736,0.00010144,0.00015013,0.078272,0.018036
0.00087097,0.0001941,0.0061615,0.33292,0.011012,0.23366,0.045223,0.034936,0.17427,0.10542,0.055322
8.7312e-05,9.0323e-05,6.0215e-06,0.6477,0.001948,0.045905,0.010505,0.00074065,0.15368,0.10687,0.032462
0.06278,0.10955,0.081032,0.031016,0.0065691,0.17666,0.034842,0.073076,0.066527,0.27894,0.079006
0,0,2.4582e-05,0.37514,0.0027655,0.11993,0.0010529,0.22909,0.26706,0.0049327,0
0.00077564,0.10988,0.040072,0.0033554,0.075524,0.052758,0.030072,0.0076013,2.8727e-06,0.30398,0.37598
0.14692,0.1144,8.7671e-06,0.00016657,0.10284,0,0.0607,0,0,0.0054794,0.56949
0.037958,0.0041616,0.31305,0.069134,0.016246,0.00055488,0.0054461,0.38623,0.12747,0.0068641,0.032892
0.022283,0.29767,0.095863,0.078772,0.0077413,0.22202,0.092606,0.083645,0.091112,0.0080869,0.0001986
2.8973e-06,0.00025786,0.47321,2.8973e-06,0.00017384,0,8.692e-06,0,0.0055948,2.3179e-05,0.52072
0.010757,0,0.28668,0.38405,0.10487,0,0,0,0.21359,0,5.5591e-05
0.00076911,0.046663,0.049933,0.014889,0.009888,0.016664,0.022817,0.058102,0.085762,0.10021,0.5943
0.53761,0,0.010591,0.089181,0.36261,0,0,0,0,0,0
0.0020274,0.0052663,0.036102,0.82691,0.021975,0.028913,0.027271,0.0039114,0.030658,0.00068239,0.016288
0,3.5622e-06,0,2.4935e-05,0.055264,0,3.5622e-06,0,3.5622e-06,0.00039897,0.9443
0.0057222,0.00011537,3.8456e-06,0.023858,0.3045,0.005253,0.051219,0.000996,0.0058145,0.18627,0.41625
0.012962,0,0.00029023,5.2242e-05,0.54215,0,2.3218e-05,0,0,0.00010158,0.44442
0,5.726e-06,2.863e-06,0.021593,0.00022045,0.00010879,3.1493e-05,0.40864,0.012609,0.03683,0.51996
0.00034298,0.77579,0.0001692,5.4877e-05,0.0023048,0,4.5731e-06,0,0,0,0.22133
0.076889,0.103,0.04237,0.076812,0.24268,0.00014538,0.00023422,0.087841,0.0079878,0.0059242,0.35611
0,3.4532e-05,2.3021e-05,0.0008748,0.00074243,0,5.7553e-05,1.1511e-05,0.48216,0.00028776,0.51581
0.018414,0.064749,0,0.0013575,0.0015611,0.028324,0.86771,0.011544,0.0020702,0.0042713,0
0.35024,0.0099274,0.025506,0.0019243,0.12663,0,0.0034099,0,0.00087736,0.0016294,0.47986
0.51003,0.10296,0.053262,0.0044172,0.0026618,0.11634,0.051081,0.14065,0.0071106,0.010339,0.0011539
2.8776e-06,0.29199,0,0,0.0013439,0,0.16947,0,0,0.010673,0.52652
0.15965,0.010509,0.048045,0.44018,0.11662,0,1.1511e-05,0.00038752,0.20831,0.0036949,0.012589
0.1715,0.10648,0.18556,0.37698,0.02726,0.12614,7.899e-05,0.001401,0.004332,0.0002827,0
0.67186,0,0,0,0.12172,0,0,0,0,0,0.20642
0.0035934,0,0.082411,0.13128,0.54654,0,0,0,5.1622e-05,0.00015487,0.23597
0.0022725,0.097212,0.051854,0.053497,0.031729,0.016352,0.0022911,0.079526,0.057468,0.06988,0.53792
0.061919,0,0.10762,0.57855,0.00067106,0.00086997,6.8312e-05,0.0072129,0.24303,4.0183e-06,4.822e-05
0.27862,0.045498,0.0099969,0.28725,0.037323,0.011997,0.12511,0.0031078,1.4388e-05,0.017102,0.18399
0,0.11993,0,0.12672,0.0004777,0.16855,0.046893,0.076517,0.12041,0.28066,0.059843
0.011628,0,0.002366,0.12586,0.036504,0,1.414e-05,0,0.014111,0.0012302,0.80828
0.0059222,0.063932,6.5711e-05,0.0051131,0.0051706,0.0039632,0.0029036,0.0012855,0.11204,0.78392,0.015688
0.15414,0,0.26868,0.46137,9.7995e-06,0.0013523,0,0.097681,0.016767,0,0
0.13154,0.15646,0.16238,0.0039235,5.0259e-05,0.0037627,0.15136,0.35673,0.031388,0.0024091,0
0.0067811,0,0.21219,0,0.59659,0,0,0,0,0,0.18443
0.010948,0.60522,0.0070093,0.020227,0.09206,1.2281e-05,0.14046,0.0011268,0.0093396,0.017902,0.095699
0.00019025,0.040204,0.046131,0.010561,0.0078045,0.014305,0.050239,0.031412,0.085942,0.1019,0.61131
0.0024303,0.00025141,0.00022747,0.013987,0.0022547,0.83897,0.00010376,0.12545,9.5776e-05,0.0083166,0.0079095
0.24722,0.00046448,3.7917e-05,0.26021,0.31692,4.7396e-06,0.01802,4.7396e-06,0.002986,0.089328,0.0648
0.41286,0.059007,0.014079,0.042159,0.12286,0.1178,0.019973,0.0006004,0.034252,0.038335,0.13808
0.2571,0.0041571,0.0022859,0.066285,0.014714,0.12074,0.019624,0.00079626,0.0098006,0.052994,0.4515
0.78049,0.092058,1.4249e-05,0.00052008,0.0043388,0,0.12256,0,0,1.0687e-05,7.1244e-06
0.43544,0,0.049711,0.0031257,0.50824,4.1676e-06,0.00029173,0,0,0.0028131,0.00037508
0.21177,0.0075723,0,0,0.00070362,4.1882e-06,0.77902,0,0,0.00055704,0.00036856
0.081527,0.22853,0.00010972,0.044623,9.5286e-05,0.35302,0.015765,0.033229,0,0.0025641,0.24053
0.00032957,0.51399,0.058194,0.013833,0.17506,0,0.23831,0,0,0.00016199,0.0001201
0.47044,0,0.19063,0.080989,0,0.24985,0.0042546,0.0037724,5.3132e-05,0,0
0.020715,0.00044316,3.6624e-06,0.0085884,0.0253,0.00025271,0.0041788,0.92199,0.018473,5.1274e-05,0
0.0049191,0.00061679,1.5229e-05,0.60164,0.031464,0.0072949,0.0017209,0.17535,0.045445,0.13105,0.00048734
0.011641,0,0.0012035,0.0028923,0.070862,0,0,0,2.2647e-05,0.0010773,0.9123
0.0066374,0.21432,0.084733,0.083925,0.080218,0.033704,0.027599,0.15147,0.055486,0.052483,0.20942
0,0.00042881,0,0.00029263,0.00012748,0.27159,0.0010778,0.015376,0,0.20126,0.50985
0.070098,0.17516,0.070823,0.26209,0.14498,2.3179e-05,0.0026887,0.053111,0.015518,0.005279,0.20024
0.43081,0.0081218,0.0014503,0.025804,0.21375,0,0.0055153,1.6115e-05,0.0005479,0.025054,0.28893
0.00097552,0.40053,0.00075682,6.3308e-05,0.047774,0,0.0025035,0,4.3164e-05,0.00044891,0.5469
0.021252,0,0.00028149,0.011747,0.43211,0,0,0,0.00045663,0.011707,0.52244
0.030078,3.1343e-05,1.9589e-05,0.52669,0.036487,0.00033694,0.0069346,0.00030951,0.00045839,0.21303,0.18563
0.50691,0.11166,0.00064056,0.0072113,0.17914,0,0.024148,0,4.0287e-06,0.012292,0.158
0,0,0.00070577,0.044458,0.002961,0,0,0,0.63525,7.0306e-05,0.31655
0.48335,0.0038791,0.087144,0.015284,0.10923,0,0.0033841,0,0,0.0032031,0.29453
0.016429,0.015174,0.0063758,0.30017,0.13679,2.3987e-06,3.1183e-05,4.5575e-05,0.086668,0.028712,0.4096
0.089069,0.13825,0.022603,0.29628,0.053115,0.072078,0.15145,0.0011342,0.0010197,0.16898,0.0060219
0,0,0.00038094,0.084455,0.0065638,0,0,8.3722e-06,0.79188,0.00072559,0.11599
0.0096269,0.4837,0.042269,0.0029783,0.13841,0,0.024225,0,0.0026848,0.011352,0.28475
0.1192,0.00013487,0,0.37304,0.039015,0.0032124,0.19111,0.00017166,0.0035435,0.24578,0.024792
0,0.19673,0,2.8727e-06,0.0020827,0,0.25783,0,2.8727e-06,0.013065,0.53029
0.04196,0.089366,0.0005114,0.028174,0.042869,0.27381,0.43206,2.5254e-05,0,0.078355,0.012873
0.27769,0.00014747,0.050102,0.35979,0.027236,0.00017852,0.0025536,0.02535,0.25681,7.7617e-05,6.2093e-05
0.10337,0.012086,0.029791,0.043082,0.4321,0.019631,0.0027705,0,0.009535,0.032339,0.31529
0.034522,0.26818,0.0086036,0.10921,0.43682,0,0.00048754,0.0032765,0.049198,0.081466,0.0082487
0.47166,0.00031158,0,0.10341,0.07818,3.8947e-05,0.017933,0,7.7895e-05,0.21311,0.11528
0.77466,0.0014643,4.8809e-05,0.054129,0.001326,0.0095828,0.00077281,0.074043,0,0.056781,0.027187
0.0027073,0.68055,0.12412,0.0001692,0.12939,0,0.063057,0,0,4.0287e-06,0
0.26072,0,0,0.3814,0.25574,0,0.087863,0,0,0.010813,0.0034563
0.006984,3.4532e-05,0,0.42928,0,0.032537,0.0081926,0.3148,0.19058,0.017473,0.00012086
0.25997,0.047698,0.03362,0.066348,0.21154,4.0082e-05,0.044686,0.00088467,0.071621,0.03665,0.22695
0.087238,0.0059988,0.34091,0.32385,0.16282,0.01283,0.0013975,0.010441,0.017344,0.029029,0.0081417
0,0,0,0.00041463,4.936e-06,0.99676,0,0,0,0.0027839,3.9488e-05
0.30948,0,0,0,0.19009,0,0,0,0,0,0.50042
0.00045159,8.0029e-05,0.00074027,0.0022608,0.56143,0,0,5.7164e-06,0.00019436,0.0023351,0.43251
0.12635,0.024341,0.10138,2.31e-05,0.20906,0,8.6624e-06,0,4.0424e-05,6.0637e-05,0.53874
1.4908e-05,0.03352,0.00016771,0.00027952,0.94481,0,7.454e-06,0,0.00020498,0.00032052,0.020677
0,0.00069407,4.9283e-05,6.5711e-05,0.88784,0,0.0002957,0,2.0535e-05,0.00030391,0.11073
0.012919,0.63524,0.00013375,0.00093928,0.041353,0.0011764,0.29961,9.1192e-06,3.0397e-06,0.0083319,0.00028574
0.98844,8.5891e-06,0,0,0.011547,0,0,0,0,0,2.863e-06
0.14669,0.037216,0.011628,0.003271,0.68018,0,0.0012584,0,0.0020408,0.0047132,0.113
0.33667,0.00046042,7.1941e-05,8.6329e-06,0.040652,0,0.00029927,0,0,0.0020259,0.61981
0.25756,0,0,0,0.27002,0,0,0,0,0,0.47242
5.7553e-06,0.009243,0,8.6329e-06,0.0012633,0,0.422,0,0,0.04138,0.52609
0,0.00014124,0,2.8825e-05,0.00042373,0,0.39753,0,2.8825e-06,0.081596,0.52028
0,8.3147e-06,0,0,8.3147e-06,0,0.017636,0,0,0.013291,0.96906
3.6001e-06,3.6001e-06,0.00028081,0.014634,0.0020269,0,0,0,0.012028,0.018598,0.95242
0.0056645,0.0011614,0.00023458,0.24919,0.013567,3.0764e-05,0.00024612,7.6911e-06,0.065682,0.23354,0.43067
0,0.022606,0,0.00015515,0.0028981,0.00031031,0.24922,0,0,0.13249,0.59232
0.40775,0.49158,0.00058317,0.0011204,0.011738,2.8727e-06,0.086895,0,2.8727e-06,2.8727e-05,0.00029302
0.00014608,0,0,0.58807,0.00083994,0.062046,0.0045557,0.033999,0.11846,0.18916,0.0027207
0.82018,0.0023726,0.0093441,0.012038,0.072281,0,0.0053408,0,0.0075197,0.00013707,0.070787
0.0039897,0.89395,0,0.00033129,0.037375,0,0.0034589,0,0,0.00192,0.058972
0.18678,0.34537,0.029073,0.10844,0.12716,0.034607,0.0055011,0.024549,0.13267,0.005412,0.0004455
0.011233,0.11177,0,0.0031568,0.038483,0.017648,0.44909,0.00073743,2.0204e-05,0.07195,0.29591
0.61597,0.1166,0.060834,0.003888,0.00020614,0.11263,0.011358,0.045021,0.031553,0.00024908,0.001692
0.00055747,0,0.00021703,0.38708,0.0012341,0.60377,0.0012298,0.0022937,0.00048938,0.0028725,0.00025959
0.043014,0,0.046945,0.89383,0.015402,7.0945e-05,0,0.00022703,1.4189e-05,0.00030152,0.0001951
0.00083235,0.037975,0.044787,0.0077334,0.0081554,0.018585,0.058503,0.04157,0.074677,0.082305,0.62488
0,2.863e-06,3.7219e-05,4.8671e-05,0.00018896,0,0,0,0.48496,5.726e-06,0.51476
0.00092054,0.001109,1.7534e-05,0.82997,0.0059792,0.0089293,0.0093501,0.016977,0.070422,0.027309,0.029019
0.99914,0.00066118,0,0,0.00015641,0,4.2657e-05,0,0,0,0
0.34426,0.018283,0.022155,0.041114,0.24619,0.047773,0.0087692,0.0008749,0.057221,0.032146,0.18121
0,0.24291,0.0093023,0.14081,0.053818,0,0.00015564,0.0009418,0.48851,0.0054952,0.058048
0.042589,0.84537,0,0.045217,0.002092,0.00052946,0.054045,0.0008184,1.6142e-05,0.0037175,0.0056061
0.6131,0.11141,0.020233,0.010905,0.0014163,0.21837,0.019566,0.00083884,0.0036139,0.00044528,0.00010629
0.080527,0.19494,0.020167,0.0091027,0.0021629,0.069806,0.6031,0.0015155,8.8281e-05,0.017813,0.00077491
0.34982,0.072366,0.0036143,0.073885,0.29813,1.2115e-05,0.002217,0.00035941,0.0007592,0.061366,0.13747
0.81843,0.0022018,0.0035866,0.084422,0.056727,1.4462e-05,0.013797,0.0033009,0.0056438,0.00016631,0.011714
0.00021151,0,4.8809e-05,0.070529,0.056448,0.0023428,0.00012202,0.40042,0.28722,0.086278,0.096382
0.044495,0.069072,0.041631,0.14757,0.38957,2.9023e-06,0.018598,0.00097518,0.0010797,0.065081,0.22193
0.034497,0.96511,0,0,0.00036647,0,0,0,0,0,2.5767e-05
0.0011685,0.061611,0,0,0.87355,0,0.018291,0,0,0.002768,0.042614
0.0015712,0,0,0.003053,0.71872,0,0.075685,0,0,0.16353,0.037435
0.12587,0.21471,0.11856,0.15112,5.3246e-05,0.23348,0.036379,0.011365,0.10845,0,0
0.0038663,0.0087663,0.45939,4.9087e-05,0.0057893,0,9.8173e-05,0,0.002746,4.0424e-05,0.51926
0.64754,0.22434,0,0.0078955,0.00019626,0.0091146,0.019195,0,0,0.091727,0
0.0085213,0.11778,0.091745,0.069926,0.034068,0.047957,0.046825,0.10017,0.21668,0.10445,0.16187
0.012199,0.39063,0.0075045,0.00086046,0.40507,0,0.17063,0,0,0.013008,9.8173e-05
0.4639,0.00049395,0.0015905,0.01154,0.11549,0.00025924,0.0027886,0,4.2038e-05,0.0033841,0.40051
0.2078,0.14034,0,0,0.015285,0,0.16764,0,0,0.035036,0.43389
0.26181,0.52081,0.0012441,0.0097422,0.027858,0.075875,0.0082602,0.0032565,0.0010803,0.0023088,0.087758
2.3976e-05,0.024425,0.093744,0.004028,0.036917,0.03629,0.012656,0.003343,0.2352,0.0034663,0.5499
0.29991,0.031027,0.0019446,0.0087994,0.30492,0.010978,0.0032109,0,0.020297,0.027084,0.29182
0.0023147,0,0,0.002029,0.72723,0,0.00010255,0,0,0.10597,0.16236
0,0.00023984,0.00023984,0.418,0.0087888,0.0068306,0.00090681,0.030782,0.47286,0.036361,0.024993
0.4743,0.0067934,0.25647,0.1005,0.097588,1.44e-05,1.08e-05,0.0021889,0.021813,0.00063002,0.039688
0.0032509,0.1519,0.0083522,0.0001044,0.0021025,0.0080858,0.0055838,3.2401e-05,0.022997,0.0033121,0.79428
6.7682e-06,0.0037766,0,0.10337,3.7225e-05,0.1015,0.11921,0.42003,0.0056548,0.2301,0.016325
0.19654,0.012009,0.0066873,0.044888,0.34008,0.010236,0.058497,0.0019375,9.5286e-05,0.010499,0.31854
0,0.00090472,0,0.0038422,0.00077302,0.25768,0.0010164,0.0096369,0.00025195,0.20461,0.52129
0.43478,0.002288,0.0099011,0.0077995,0.079051,0.00023441,0.00052491,5.6097e-05,0.00050287,0.00085347,0.46401
0.0033766,0,2.2461e-05,0.00056526,0,0.97167,0.0028188,0,0,0.021547,0
5.7358e-06,2.5811e-05,0.00069116,0.0011615,0.0070177,0,0.00013192,0,2.5811e-05,0.0010898,0.98985
0.50673,0,0.0019347,0.0054351,0.038497,0,2.7346e-05,0,0.0086858,0.0022219,0.43647
0,1.4364e-05,0,0.00035048,0.00015226,0.19704,0.00039357,0.066435,1.7236e-05,0.21907,0.51653
0,0.00014913,0.00037282,5.1622e-05,0.00076286,0,7.1697e-05,0,0.48588,3.4415e-05,0.51268
0,0,0.0001178,0.066482,0.031778,0,0,0,0.00091385,0.032816,0.86789
0,0.39523,1.8342e-05,0.00016966,0.011574,0.048423,0.4625,0.019947,0,0.040953,0.02118
0.0015518,0.0020133,0,0,0.00017644,0.0010587,0.0164,0.00041623,0,0.039225,0.93916
0.67735,0,0,0,0.14119,0,0,0,0,0,0.18146
0.20286,0.31355,0.0011368,0.024121,0.0075694,0.047945,0.0039189,0.0031069,0.39574,5.6488e-05,0
0.0010152,0.0083474,0.014471,0.1018,0.0090726,0.041322,0.014805,0.029772,0.093103,0.004214,0.68208
0.022939,0.030493,0.0044229,0.0064291,0.021704,0.041577,0.023692,0.01888,0.028197,0.0021026,0.79956
7.6417e-05,0.045106,2.1833e-06,0.64539,0.00096285,0.019318,0.18581,0.011039,0.028049,0.021582,0.042662
0.0093666,3.8898e-06,0.0015559,0.0042904,0.87943,0,0.00083241,0,3.8898e-06,0.0012214,0.1033
0.0042359,0.04608,6.9063e-05,0.00012086,0.3656,0,0.0043711,0,0,0.017329,0.56219
0.86185,0.041581,0,0.00014618,0.093603,0,0.0028176,0,0,0,0
0,0.0015863,0,6.0022e-05,0.036656,0.00015434,0.0016292,0.00015434,8.5746e-06,0.0090033,0.95075
0.039066,6.8193e-05,0.0029451,0.033168,0.4668,0,6.3931e-05,0,0.0027661,0.011797,0.44332
0,2.8924e-05,4.6278e-05,0.015431,0.0012003,0,0.00017644,0.17646,0.28364,0.0039336,0.51908
0.006002,3.5431e-05,0.00050312,0.90023,0.012408,0.00076531,0.010183,0.0075609,0.02906,0.01746,0.015795
0.23505,0.00011742,0.024062,0.11951,0.39048,0.0017071,0.00012645,0.10273,0.11284,0.0019419,0.011435
0.023081,0.005996,0.00046844,0.0016608,0.50074,0,0.00027254,0.00021293,8.517e-06,0.0053231,0.46224
0.056023,0.56846,0.00015033,0.0023563,0.080648,0,0.0011991,0,0.0017305,0.00053488,0.28889
0.00010333,1.7222e-05,0,0.00059415,0.00022819,0.0059028,4.736e-05,0.010359,4.3055e-06,0.0063893,0.97635
0,0,0.56527,0,0.015491,0,0,0,0,0,0.41923
0.12495,0.016523,0.016789,0.12272,0.21745,0.025947,0.11885,0,0.039855,0.13556,0.18135
0,0,0.00071538,0.97364,0.02562,2.0323e-05,0,0,0,0,0
0.19246,0.087221,0.058584,0.18391,0.16846,0.01337,0.024292,0.021179,0.09807,0.027442,0.12501
0.020166,0.12375,0.020094,0.0024306,0.0017144,8.505e-05,0.75513,0,0.026258,0.049866,0.00050582
0.013525,0.89648,0.051246,0.0014255,0.0004443,0.0042875,0.0034989,8.1455e-05,0.028072,0.00030731,0.00062943
0.0019874,0.0018819,0,0.00097472,0.00084813,0.00063715,0.0018144,0.0083421,4.2196e-06,0.0035276,0.97998
0.011825,0.066209,0.021736,0.24176,0.13127,0.058164,0.052612,0.064449,0.13751,0.15718,0.057277
0,0,0,0.53955,0.00074887,0,0,0,0,0.030554,0.42915
0.1228,0.85468,0.00013236,1.7886e-05,0.012545,0,0.0037812,0,0,2.5041e-05,0.0060205
0.34387,0,0,0,0.1215,0,0,0,0,0,0.53464
0.00032638,0.30199,0,0,0.0020127,0,0.35016,0,0,0.013531,0.33199
0.11531,0.0024038,0.0041336,0.0081536,0.30407,0.0017379,0.025005,0.0012588,0.017038,0.0050594,0.51583
0.00037671,0.0012557,0.12826,0.10296,0.028718,0.12581,0.0029791,0.50219,0.051543,0.0065924,0.049308
0,0,4.2091e-06,0.13377,0.0010354,0,0,0,0.013246,0.082022,0.76992
0.14237,3.1104e-06,0.0019347,0.00020529,0.081156,0,9.6422e-05,0,0,4.6656e-05,0.77418
0.0017297,0.0003528,0.00093165,0.0094433,0.43248,2.0551e-05,0.00038362,0,0.00041102,0.014835,0.53941
0,0,0,0.016494,4.7396e-06,9.4793e-06,9.4793e-06,0.00056402,0.39429,0.21379,0.37484
0.0038438,0.045198,0.0040023,0.094212,0.33314,0.0074854,0.061639,0.069976,0.0035743,0.116,0.26094
0.02056,0.00048398,3.0014e-05,0.86087,0.046196,0.0066181,0.020939,0.0009642,0.018766,0.02424,0.00033391
0.39069,0.042423,0.0035537,0.12426,0.013363,0.1938,0.0083419,0.0077818,0.024876,0.007277,0.18363
0.47859,0.023629,0.08193,0.2575,0.00024676,0.012874,0.0093803,0.049855,0.085998,0,0
0.10361,4.6042e-05,0.20152,0.0041937,0.006795,0,0.0016575,0,0.026697,0.012324,0.64315
0.0015487,0.48266,0.15043,0.00036709,0.0062577,0,0.0087126,0,0.098489,0.013055,0.23849
0.27353,0.053053,0.083206,0.2514,0.024775,0.045036,0.010065,0.099095,0.15576,0.0033696,0.00072144
0,2.1418e-05,3.5697e-06,0,0.032063,0,0.00016778,0,0,0.0060185,0.96173
0.060858,0.47331,0.00044036,0.055774,0.032955,0.00028023,0.0046278,0.00031225,0.010449,0.018319,0.34268
9.1238e-05,0.020636,0.0002903,0.091595,0.00081285,2.4883e-05,0.013047,5.806e-05,0.62008,0.058359,0.195
0.079281,0.17315,0.10049,0.087623,0.0054971,0.21209,0.011223,0.011893,0.25551,0.01746,0.045783
0,0.45239,0.39492,0.0012289,0.00014896,0.00014098,0.00025269,0.15057,0.00025003,9.0438e-05,0
3.3096e-05,0.0003351,0,0.014335,0,0,0.0032103,4.137e-06,0.42659,0.0075915,0.5479
0.3681,0,0,0.093013,0.085195,0.014413,0.14081,0.28947,0,0.0049568,0.0040387
0.081517,0.0085833,3.9554e-05,0.48173,0.015536,0.070235,0.014578,0.16243,0.0089744,0.14871,0.0076648
0.00047377,0,0.099953,0.0093697,2.9611e-05,0.00027073,8.4602e-05,0.0098181,0.013782,0.00025804,0.86596
0.27687,5.9802e-05,0.076339,0.06656,0.00014423,0,0.00026735,0,0.24655,3.166e-05,0.33318
0.77333,0,0.00021367,0.088489,0.046326,0.00058904,0,0,9.8173e-05,0.0039385,0.087011
0.59977,0.00016596,0.014388,0.014723,0.23647,0,0.00037521,0,6.494e-05,0.00079732,0.13324
0,0,0.012522,0.039473,0,0.0015384,0,0.38956,0.55365,0.00259,0.00066211
0.021916,0.052884,0.0012418,0.0035045,0.00051909,0.00044739,0.90089,0,0.009593,0.0089449,5.449e-05
0.53709,0.0028306,0.23939,0.068967,0.041629,0.0044713,0.0047678,0.01592,0.08431,0.00056929,5.5347e-05
0,0,4.0218e-05,0.0051939,0.00024993,2.8727e-06,0,0.2679,0.21303,0.00074691,0.51284
0,0,0,0.0028038,0,0,0,0.57651,0.015659,0.0015947,0.40343
0.00046012,0,0.0060112,0.27371,0.6862,0,0,0,0.0089797,0.0013507,0.023288
0,4.0218e-05,0,0.013927,0.00036197,0.050526,0.00045102,0.28775,0.00043666,0.13015,0.51636
0.12112,0.005629,0.008678,0.24608,0.33509,0.0061064,0.0029318,0.0033087,0.034645,0.15834,0.078069
0.11228,0.11605,4.8344e-05,0.39571,0.01464,0,0.00026589,0.30406,0.056933,0,0
0.036834,0.25903,0.0071159,0.00015356,0.14628,0,0.00040273,0,9.851e-05,5.7947e-05,0.55003
0.63922,0.23433,0.0021593,5.6822e-05,0.05145,3.1568e-05,3.1568e-05,0,0,0,0.072726
0.010157,0.019467,0.053385,0.42842,0.41535,0.0030835,0.0041829,0.00059694,0.047498,0.0076271,0.01023
0.0067451,0.14613,0.10822,0.11964,0.092881,0.0029972,0.042437,0.070621,0.17885,0.027136,0.20435
0.47968,0,0,0,0.091766,0,0,0,0,0,0.42856
0,0,0.00058498,0.018191,0.00016983,0,0,0,0.98105,0,0
0.090791,1.7034e-05,0.00016182,0.6169,0.002504,0.004233,0.028081,0.1043,0.1495,0.0033472,0.00017034
0,0.54436,0,0,2.4405e-05,0,0.048297,0,0,1.627e-05,0.4073
0.091687,0.001238,0.0044576,0.56586,0.023529,0.0067227,0.0013971,0.0977,0.19447,0.012342,0.00059135
0.020877,0.021226,0.0084944,0.012394,0.35279,0.054066,0.00066771,0.052427,0.068725,0.040139,0.36819
3.8368e-06,0.68753,0,0,0.0080881,0.001247,0.30108,0,0,0.0017227,0.00032613
0.00037095,0,7.8094e-05,0.0040121,0,0.49357,0.00011714,0,0,0.50185,0
0.48004,0.011596,0.00066722,6.9775e-05,0.31113,0,0.0015874,0,4.3609e-06,7.4136e-05,0.19483
0.0039039,0.88763,0,0,0.025469,0,0.026885,0,0,0.0032735,0.052841
0,0.022883,0.00089765,0.015535,0.016832,0.048975,0.0083627,0.15244,0.040411,0.0049614,0.6887
0,0.00085035,5.7651e-06,0.014214,0.00074946,0.0027845,0.00030267,0.4043,0.015315,0.047415,0.51407
0.36746,0.00019596,0.00089271,0.0039942,0.055779,7.2578e-06,0.00036531,0.015254,0.0017782,0.038179,0.5161
0.38537,0.0012832,0.012299,0.00063215,0.12205,0,0.0019684,0,1.8927e-05,0.0016996,0.47467
0.19185,0.012158,0.0011033,0.0021353,0.57889,0.0027373,7.3716e-05,0.00028258,0.0063322,0.00075928,0.20368
0.13265,0.17171,0.0012196,0.24615,0.34433,0,0.049388,0.00052902,5.6536e-05,0.013763,0.040201
0.024073,0.075034,0.010719,0.017996,0.13302,0.097626,0.080157,0.11868,0.16408,0.0015852,0.27703
0.35983,0.089354,0.037082,0.05914,0.032593,0.0010345,0.00062539,0.14658,0.19184,0.010649,0.071262
0,0.00032917,0,0.0065141,0.00021367,0.22249,0.0021771,6.9299e-05,5.7749e-06,0.24907,0.51913
0,0.00021666,0,0.0021426,0.013815,0.021622,0,0.057382,3.0952e-05,0.04433,0.86046
0.71619,0.04959,0.032458,0.017715,0.0087732,0.10541,0.028657,0.013305,0.024118,0.0031337,0.00064747
0.030035,0.014571,0.21968,0.028602,0.51901,0.001464,0.1833,0,0.00083218,0.00010787,0.0023964
0,0.029196,0.077994,0.01214,0.00098171,7.9814e-05,0,0.63057,0.24881,7.9814e-05,0.00014366
0.87729,0.028484,2.9725e-05,0,0.094194,0,7.4312e-06,0,0,0,0
1.4462e-05,0.040002,0.00087495,0.018338,0.040949,0.0026031,0.52847,0.00048448,0.0040855,0.17829,0.18589
0.031436,0.72684,0,1.8194e-05,0.019446,0,0.17494,0,0,0.00054582,0.046777
0,0.002494,0,0.00041147,0.00033169,0.0077171,5.0384e-05,0.0069613,4.1986e-06,0.0051223,0.97691
0.035039,0.37664,0,0,0.34332,0,0.24157,0,0,2.131e-05,0.0034011
0.006641,0.088588,0.070191,0.071671,0.0326,0.00013105,0.00027751,0.042675,0.42528,0.18837,0.073575
0.1903,0.20626,0.09854,0.00038577,0.000783,0.023624,0.00033994,0.0018601,0.4684,0,0.0095106
0.0031231,0.010384,1.6836e-05,0.00033252,0.0014353,0.0066082,0.00038303,8.4181e-06,4.2091e-06,0.0067093,0.971
0,1.0129e-05,0,0,0.00017979,0,2.5322e-06,0,0,0.00024309,0.99956
0.00067615,0,0.0080505,0.74981,0.10256,0.079406,0.00014989,0.02616,0.011808,0.018209,0.0031709
0,0,0,0,0,0.34208,0,0,0,0.24277,0.41515
0.061244,0.030062,0.015791,0.18628,0.10323,0.25011,0.20484,0.034135,0.015011,0.098117,0.0011749
0.53932,0,0.093678,0.097398,0.22941,0.0012878,0.0096228,0.027638,0.0016455,0,0
0.011265,0.29783,0,0,0.053754,0,0.63715,0,0,0,0
0.0029394,0,0,0.014729,0.0020391,0.69665,0.0033624,0.27986,0,0.00042301,0
0.012517,7.8822e-06,0.00012612,0.013581,0,1.5764e-05,7.094e-05,3.1529e-05,0.97365,0,0
0.58839,0.016027,0.078522,0.0085137,0.095308,0,0.0012108,0,0.12779,0.00010313,0.084144
0.12972,0.18635,0.0078384,0.0010172,0.0041313,0.026326,0.6331,4.8206e-06,0.0072647,0.0030804,0.0011666
0.093157,0.15023,0.010082,0.0016322,0.0036436,0.041043,0.69312,0,0,0.0070776,1.9965e-05
0.41428,5.5843e-06,0.0063829,0.038057,0.12865,0,5.5843e-06,1.1169e-05,0.0004635,0.015413,0.39673
0.0022108,0,0.0052836,0.058656,0.23317,0,0,0,0.00032911,0.010592,0.68976
0.0081166,3.4627e-05,2.7702e-05,1.8468e-05,0.0067407,0,0.00028163,0,0,0.00035089,0.98443
1.0234e-05,0.20106,0.66529,0.0017296,0.00052194,0.0012076,0.057557,0.016436,0.035154,0.021031,0
0.0002207,0.080618,0.084173,0.014923,0.013172,0.028002,0.11775,0.052922,0.15689,0.11051,0.34082
8.7899e-06,0,1.3185e-05,0.46606,6.1529e-05,0,0,2.637e-05,0.52086,0.0012482,0.011721
9.9289e-05,2.4822e-05,0,0.00056677,0,1.6548e-05,0.0011501,0.00073226,0.98396,0.0024078,0.011042
0.026601,0,0.0064722,0.12512,0.063494,0,3.6545e-06,0,0.0031539,0.021204,0.75396
0.9852,0,0,2.337e-06,0.014796,0,0,0,0,0,0
0,0,2.0351e-05,0.064984,0.066766,0,2.6166e-05,4.3609e-05,0.0026195,0.23193,0.63361
0.27658,0.060022,0.0079261,0.08097,0.087482,0.0035706,0.036438,0.010799,0.069254,0.013463,0.3535
0.48683,0.25477,0.049638,0.037309,0.0052436,2.1087e-05,0.0010543,0,0.16424,0.00018978,0.00069586
1.7354e-05,0,0,0,0.0041274,0,9.8341e-05,0,0,0.0016718,0.99409
1.6064e-05,0.0046745,0.00027308,1.6064e-05,0.013606,0,0.0054054,0,0.0035099,0.0016305,0.97087
0.71645,0,0.0017043,0.0076407,0.0027032,0,0.00057081,0,0.0055165,4.0772e-06,0.26541
4.9888e-05,0.00096035,0.00012056,0.083891,0.0051634,0,0.01211,4.1574e-06,0.58298,0.065582,0.24913
0.958,0,4.6989e-06,0,0.041994,0,0,0,0,0,0
0,0,0.00078918,0.058519,0.35319,0,0,0,0.00023408,0.0095036,0.57776
0.08312,0.018571,0.0036242,0.56652,0.024848,0.037015,0.022499,0.10901,0.10539,0.0092068,0.020192
0,0,2.8875e-06,2.31e-05,3.7537e-05,0,0,8.6624e-06,0.49413,5.7749e-06,0.5058
1.6535e-05,0.0052194,0,0,0.0012125,0,0.058434,0,0,0.0057596,0.92936
0.09454,0.21559,0.031362,0.0023878,0.00067854,0.20109,0.22934,0.014862,0.032283,0.020857,0.15702
0.00016958,0.91925,0.017716,0,0.00010175,0.035533,0.011935,0.0034971,0.0059617,0.0056527,0.00018089
0.00016362,0.031917,0.053507,0.010942,0.00769,0.018022,0.040485,0.056069,0.080524,0.11796,0.58271
0.15175,0.1147,0.0097799,0.052126,0.044354,0.37858,6.4767e-05,0.0020968,0.20886,0.001522,0.036164
0.084244,0.23324,0.0011785,0.019893,0.12224,0.0034228,0.0047384,0.38991,0.11484,0.020283,0.0060048
0.014203,7.1661e-06,7.1661e-05,0.01923,0.089287,0,1.7915e-05,0,0.13119,0.00031531,0.74567
0.54808,0.036217,0,0,0.025839,0,0.024007,0,0,0.00051274,0.36535
1.9155e-05,0.0022827,0.00015005,3.5118e-05,0.0061776,0.004792,0.0044568,3.1925e-06,1.277e-05,0.040098,0.94197
